method,slot,coverage_mean,coverage_std,cumulative_admitted_mean,cumulative_admitted_std
Q0,1,0.2825486173943196,0.00146243118119708,2.0,0.6324555320336759
Q0,2,0.3161109250634232,0.0022780395108450797,3.9,0.8306623862918074
Q0,3,0.35554648982978804,0.0021059546239519766,6.2,1.16619037896906
Q0,4,0.3954377223920942,0.002496507967448638,7.8,0.9797958971132713
Q0,5,0.43728730787323034,0.0035602824631268026,10.1,1.2206555615733703
Q0,6,0.4786729379953737,0.004732577233529313,12.4,1.624807680927192
Q0,7,0.5204499830960849,0.0051782056979576855,14.5,2.0615528128088303
Q0,8,0.5576628328558919,0.00465014532637615,17.7,2.570992026436488
Q0,9,0.5917610571100886,0.005839168398398407,21.2,2.7129319932501073
Q0,10,0.6225675042102247,0.005960322078670342,24.8,2.4
Q0,11,0.651005464825947,0.006488170495446887,28.4,2.0591260281974
Q0,12,0.6763540120610466,0.006102787937036309,32.7,2.5709920264364885
Q0,13,0.6969541075163671,0.004664626972404985,37.3,2.6476404589747458
Q0,14,0.7121388763281108,0.008690623713043678,40.9,3.1128764832546763
Q0,15,0.7253779538046037,0.012382121838132485,45.4,2.5768197453450252
Q0,16,0.734083223844885,0.012716672965201877,49.8,2.785677655436824
Q0,17,0.737882180564127,0.011614123979705515,54.2,2.821347195933177
Q0,18,0.7385006554420313,0.011904007009675857,58.2,1.8867962264113207
Q0,19,0.7406388352581228,0.013271749976838203,62.8,1.469693845669907
Q0,20,0.7447770839342407,0.01063796146602993,67.1,1.445683229480096
Q0,21,0.7472131652583761,0.010810481516756567,72.2,1.6
Q0,22,0.7513650122628902,0.012654582056693033,76.8,1.6
Q0,23,0.7550077506915038,0.014315774606710588,80.9,2.0223748416156684
Q0,24,0.7574482060361671,0.017274999462225445,85.6,2.33238075793812
Q0,25,0.7610966362435755,0.020312376690535674,90.3,3.3481338085566414
Q0,26,0.7635124907157034,0.02331246959830569,95.2,3.5721142198983507
Q0,27,0.7644389329009741,0.025070371204743355,99.5,3.5
Q0,28,0.7646913001786603,0.026630147362760172,104.5,3.263433774416144
Q0,29,0.7655703743762168,0.028712943630637564,109.5,3.138470965295043
Q0,30,0.7678622322197654,0.030474970539775402,114.2,3.0919249667480613
Q0,31,0.7697089088124223,0.032388133436173694,119.2,2.5219040425836985
Q0,32,0.7722019079245047,0.0334503480420963,123.6,2.576819745345025
Q0,33,0.7747606681189525,0.03438369650442033,128.1,2.6627053911388696
Q0,34,0.776219692501117,0.03555351701361649,132.9,2.7
Q0,35,0.778232653183725,0.03733939277615777,137.3,2.6476404589747453
Q0,36,0.7804182962408932,0.03933767430686014,141.7,3.2572994949804657
Q0,37,0.7823262646420251,0.04115455177535504,146.8,3.2186953878862163
Q0,38,0.7840754744893573,0.042958813917625696,150.9,3.2388269481403293
Q0,39,0.786627320400106,0.04303167694666392,155.3,3.55105618091294
Q0,40,0.7892253117936645,0.043919482770076616,160.0,3.6606010435446255
Q0,41,0.7919889760247217,0.044165624750396246,164.8,3.9446165846632035
Q0,42,0.7935878738104133,0.044535038001839916,169.4,3.411744421846396
Q0,43,0.7948792963443602,0.045986122943164134,174.3,3.4365680554879163
Q0,44,0.7951619562733766,0.04622786698183741,179.3,3.163858403911275
Q0,45,0.7960359499445905,0.046909822445783816,184.0,3.4641016151377544
Q0,46,0.7966563538332136,0.04700400697252537,188.8,3.8935844667863564
Q0,47,0.797150316083449,0.04774270841152099,193.3,4.561797891182817
Q0,48,0.7985820088231819,0.04738435126030771,198.3,4.796873982084582
Q0,49,0.7999248876052829,0.04880175331827725,203.0,5.118593556827891
Q0,50,0.8023995888760771,0.050264692657753095,207.8,5.287721626560915
Q0,51,0.8053106281033445,0.0510252086631944,212.8,6.241794613730894
Q0,52,0.8062150096792511,0.05206321504922326,217.7,6.573431371817918
Q0,53,0.8062699984564791,0.05183061320254398,222.4,6.829348431585549
Q0,54,0.806576743258941,0.051838135420093495,227.1,6.655073252789935
Q0,55,0.8072344493359562,0.052671168941283604,232.5,6.88839603971781
Q0,56,0.8078801606029297,0.053331028205391914,237.3,6.603786792439623
Q0,57,0.8089729821315137,0.054106969230406664,242.1,7.034912934784622
Q0,58,0.8100242624368177,0.054238785105277194,246.9,6.876772498781678
Q0,59,0.8104112081414956,0.0537168752088512,252.2,6.982836100038437
Q0,60,0.81089124657097,0.0523275193167302,257.6,7.213875518748574
Q0,61,0.8117380038531147,0.05202107026510174,262.6,7.592101158440922
Q0,62,0.812663223533481,0.05169398530010905,267.0,7.4565407529228995
Q0,63,0.8139641006142982,0.05134831283350755,271.9,7.368174807915457
Q0,64,0.8150190087020384,0.05148185082148181,276.4,7.927168473042565
Q0,65,0.8154737397531628,0.05203995808217401,281.4,8.440379138403676
Q0,66,0.8166772453420178,0.05273820284049855,286.1,8.870738413458035
Q0,67,0.8163673490239323,0.05318047238057276,291.3,9.044888059008802
Q0,68,0.8172248786112142,0.053814885583703,296.0,9.85900603509299
Q0,69,0.8168030757279536,0.05333882757304797,300.5,10.413932974625869
Q0,70,0.8174978934866353,0.05368100884161872,305.6,10.883014288330234
Q0,71,0.8197752162569708,0.052810948817570605,310.8,10.6
Q0,72,0.8229853794971869,0.049761631317819986,315.8,11.05260150371848
Q0,73,0.8253810071173069,0.048080406967790694,321.3,11.126994203287786
Q0,74,0.8275318882492548,0.046880926513632085,326.5,11.002272492535349
Q0,75,0.82950947575419,0.04645271480322747,331.7,11.30530848760882
Q0,76,0.8322984473635975,0.04580535863875886,336.4,11.217842929904126
Q0,77,0.8338894146562195,0.04513400519886971,342.1,11.211155159036913
Q0,78,0.8348253113883605,0.04476042318941894,347.5,11.307077429645558
Q0,79,0.8350928249917118,0.044548816461332894,352.4,12.15894732285653
Q0,80,0.8356675041432524,0.044555502152893875,357.3,12.907749610214786
Q0,81,0.8356250261751554,0.04456763073195645,362.3,13.015759678174762
Q0,82,0.835556724829619,0.04463972160468682,367.8,13.006152390311287
Q0,83,0.8352032232918949,0.044993814358186834,372.5,13.26838347350573
Q0,84,0.8346081267816217,0.045550436490771666,377.4,14.157683426323672
Q0,85,0.8345569007724694,0.045599473363751565,382.7,14.43641229668923
Q0,86,0.8345569007724694,0.0455592808408376,388.0,15.073154945133417
Q0,87,0.8345555830142025,0.045599465130945316,392.9,14.875819305167699
Q0,88,0.8343689768188816,0.04584097307734597,398.0,15.046594299043223
Q0,89,0.8340875393947694,0.04600684910318785,403.5,15.383432646844462
Q0,90,0.8341381541514696,0.04603853464539425,408.5,15.350895739337167
Q0,91,0.8340154752811573,0.04599002793450862,413.7,15.569521508382973
Q0,92,0.8339667895351761,0.04596901081307845,419.0,15.671630419327785
Q0,93,0.8339281695885177,0.04591866959369174,424.3,15.849605673328279
Q0,94,0.8339161747784761,0.04592081110992854,429.5,16.23730273167314
Q0,95,0.8331224772628403,0.045311417586139734,434.2,16.442627527253666
Q0,96,0.8321403397945268,0.04461710651968611,439.2,16.86297719858507
Q0,97,0.8309678333628169,0.044024281852619515,444.3,16.303680566056244
Q0,98,0.8298807036130273,0.04372520724036281,449.5,15.749603169603988
Q0,99,0.8297479589433927,0.04342029887804776,454.6,15.969971822141702
Q0,100,0.8293159950074468,0.04276389765687251,459.5,16.62077013859466
Q0,101,0.8292887586183776,0.042918956498836,464.8,16.749925372968086
Q0,102,0.8291173940020842,0.04282726483704058,469.8,17.302023003105734
Q0,103,0.8289833315741824,0.04293009425990303,474.9,17.24789842270646
Q0,104,0.828080879008995,0.04238413160490162,479.9,17.68304272459918
Q0,105,0.8283819320326623,0.04176558460764717,485.2,17.70197729068705
Q0,106,0.8285886698266285,0.04140079674508628,490.5,17.5968747225182
Q0,107,0.8286455876145753,0.04142254221828511,495.7,17.612779451296152
Q0,108,0.8282522436252885,0.04135429497342394,500.4,17.6022725805505
Q0,109,0.8282750107404672,0.04135435030629737,505.6,17.73245611865429
Q0,110,0.8292730010402604,0.042309429078539074,510.8,17.993332098307974
Q0,111,0.8304088165360308,0.04215593756642702,515.8,18.55693940282179
Q0,112,0.8306137205726405,0.042531023862866495,520.7,18.989734068701438
Q0,113,0.8306054885306745,0.04255114427086114,525.7,18.525927777037243
Q0,114,0.8306086400462979,0.04256125957572644,530.8,18.345571672749802
Q0,115,0.8298516334666017,0.041845772287166724,535.8,18.808508712813993
Q0,116,0.8295297423384745,0.04163535403327464,540.8,18.813824704190267
Q0,117,0.8295715138007566,0.03976940361299119,545.8,19.119623427254
Q0,118,0.8307004150128281,0.03976016296575649,550.6,19.386593305684215
Q0,119,0.832618544466645,0.03910133785468481,555.4,19.865548066942427
Q0,120,0.8335639909990189,0.03833301150656071,560.9,20.309849827115908
Q0,121,0.8350273894017111,0.03845764954505254,566.3,20.22399564873371
Q0,122,0.8353611800865173,0.037890501947489455,571.1,20.349201458533944
Q0,123,0.8354920909987957,0.038311765152061784,576.3,20.38160935745752
Q0,124,0.8351784319126345,0.038191757104443294,581.1,21.158686159589397
Q0,125,0.8354561065686708,0.038100410307678044,586.0,21.739365216123492
Q0,126,0.8346168748226773,0.03782295812566173,591.3,21.954726142678254
Q0,127,0.8340122285121714,0.03775571385617661,595.7,22.383252668010517
Q0,128,0.8340059254809244,0.037788994060172304,600.8,22.582293949021214
Q0,129,0.8339388466402923,0.037756525087178375,606.0,22.653917983430592
Q0,130,0.8331837690713151,0.03764248912809375,611.1,22.44303900990238
Q0,131,0.8336524239432002,0.03658554451460757,616.1,22.51865892987413
Q0,132,0.8333203717623882,0.03652788350181812,621.7,22.565681908597398
Q0,133,0.8330388390849135,0.036368483079443695,627.0,22.521101216414795
Q0,134,0.8330097689384879,0.0363710823752537,632.6,22.366045694310827
Q0,135,0.8328219402382626,0.036270491744867676,637.7,22.59668117224297
Q0,136,0.8325284127507462,0.03597391653734073,642.5,23.13114783144148
Q0,137,0.832191184790229,0.035951394127689294,647.3,23.182105167564053
Q0,138,0.8308845206772547,0.03413585071292087,652.3,23.5968218198977
Q0,139,0.8308351284254588,0.03420961013743495,657.3,23.77414562082095
Q0,140,0.8308712081089462,0.03420717305433584,662.7,23.65184982194839
Q0,141,0.8308351284254588,0.03421708897114628,668.2,23.32295007069217
Q0,142,0.8300255780783432,0.034129142613536084,673.2,23.54909764725604
Q0,143,0.8300742638243243,0.03418487474817724,678.2,23.451225980745654
Q0,144,0.8291139012052874,0.03277668686470176,683.2,23.756262332277775
Q0,145,0.828846197095211,0.03240965906467203,688.1,24.217555615709855
Q0,146,0.828831662021998,0.03240108053271927,693.1,24.61889518235942
Q0,147,0.8288448793369442,0.032423273170125416,697.8,24.51040595339049
Q0,148,0.8288644949364995,0.032441766598901946,701.9,25.089639295932496
Q0,149,0.8287975113492301,0.03230080846276693,706.8,24.810481655945335
Q0,150,0.828781047265298,0.03241902163531507,712.1,25.153329799452003
Q0,151,0.8287499528547906,0.03241103307383781,717.0,25.5068618218706
Q0,152,0.8286955753300148,0.03246887572723723,722.2,26.137329626417465
Q0,153,0.828746190086715,0.032389892170076096,727.5,26.062425059844298
Q0,154,0.8284806054940826,0.03274807513298597,732.3,26.385791631103285
Q0,155,0.8297410288708846,0.031435129246326556,736.9,26.57235405454323
Q0,156,0.8307623975383089,0.030679327556089236,742.3,26.649765477392105
Q0,157,0.8322377907510429,0.027507632672207166,747.3,26.30228126988228
Q0,158,0.8332250087456987,0.027011131916507402,752.5,26.139051245215462
Q0,159,0.8332933100912353,0.026887166789419596,757.2,26.505848411246905
Q0,160,0.8328929565648865,0.027092150621609506,762.6,26.260997696203397
Q0,161,0.832858194639666,0.02705890394101514,768.2,26.686326086593485
Q0,162,0.8328530188599611,0.027062788433384714,773.3,26.438797249496808
Q0,163,0.8327442638104093,0.026995237837288345,778.4,26.431799030712988
Q0,164,0.8331319160209016,0.027225152104284136,783.5,26.181100053282712
Q0,165,0.8323635258836161,0.026865947239201125,788.2,26.232803891311352
Q0,166,0.8321485560476841,0.026810657193007105,793.5,26.830020499433093
Q0,167,0.8321130876166489,0.02681336065595998,798.4,27.339348931530907
Q0,168,0.8321156278798201,0.026851988791675507,803.3,27.085235830614433
Q0,169,0.8321440867737936,0.026842693499736156,808.5,27.0342375516677
Q0,170,0.8321668538889725,0.02678021409145643,813.7,27.17370052090808
Q0,171,0.8321833179729043,0.02676180562374366,818.2,27.348857380153927
Q0,172,0.8321744746784864,0.026793940398383353,823.4,28.072050156695006
Q0,173,0.8330105549088564,0.02645481450020834,828.7,28.2667649369361
Q0,174,0.8324274532086248,0.02654201101302923,834.2,28.847183571364468
Q0,175,0.8319986407883025,0.026544080078066454,839.6,29.357111574540163
Q0,176,0.8328043331139799,0.024900579531900276,844.5,29.67237772744207
Q0,177,0.8330186916974597,0.024889719471278687,849.3,29.519654469522507
Q0,178,0.8329889150452192,0.024924726964232948,853.7,29.913374934968473
Q0,179,0.8330749029795921,0.02493993442032893,858.1,30.190892666497952
Q0,180,0.8331002103579422,0.024986493359072718,863.3,30.24913221895795
Q0,181,0.8331255177362923,0.024960518817046758,868.2,30.248305737677278
Q0,182,0.8331312095150871,0.024951443575447582,873.2,30.278044851013746
Q0,183,0.8329516128568276,0.025000349431209382,877.8,30.818176454813155
Q0,184,0.8329427695624096,0.025093776729228304,882.3,31.003386911755303
Q0,185,0.8331849757874107,0.025130270091363077,887.4,30.825963083089555
Q0,186,0.8344789385845287,0.02658824775935169,892.8,31.038041175306148
Q0,187,0.8351954914602098,0.026918609072724378,898.2,31.713719428663676
Q0,188,0.8357001307622198,0.0272276089658516,903.6,31.42037555472563
Q0,189,0.8367847202488379,0.02818081969813867,908.9,31.171942512458216
Q0,190,0.836496979793479,0.027733135796359987,913.1,31.718921797564303
Q0,191,0.8356893584570825,0.02700074157219113,918.3,31.454888332340335
Q0,192,0.8360510920367726,0.02551249110454635,922.6,31.12619475618567
Q0,193,0.8371692209437069,0.023417925334722162,927.7,31.1931082131935
Q0,194,0.8375884835637963,0.022172894204364177,933.0,31.148033645801785
Q0,195,0.8374031951267421,0.02211104934171641,938.2,30.89595442772403
Q0,196,0.8381285912968414,0.020760237569481515,943.2,31.095980447639857
Q0,197,0.839377631116054,0.020268013553048726,948.3,31.26035828329547
Q0,198,0.8379433028597874,0.01871127116932079,953.4,31.08118401863095
Q0,199,0.8364975910459312,0.016735507131858087,958.6,31.30878470972644
Q0,200,0.8373968920954955,0.016059508995912145,963.8,31.18589424723941
Q0,201,0.8381620354637951,0.01599673115829562,968.6,31.061873736141546
Q0,202,0.8381133497178139,0.016045135095567296,973.7,30.89352683006587
Q0,203,0.8381019661602245,0.0160024696355965,979.0,30.967725134404045
Q0,204,0.8390493417033174,0.016854677074728187,984.3,31.29552683691393
Q0,205,0.8395982927307808,0.017555710486919673,989.3,31.141772589240965
Q0,206,0.8396975932334622,0.017690792478406957,994.7,31.292331328937443
Q0,207,0.8397747378734166,0.017982491468667847,999.7,31.141772589240965
Q0,208,0.8399031085225239,0.01827528802514836,1004.5,31.097427546342157
Q0,209,0.8398746496285503,0.01823239588449723,1009.5,31.544413134499745
Q0,210,0.8390038074729598,0.017071057677861958,1014.6,31.347089179060948
Q0,211,0.8387312133432658,0.017783697859372904,1019.3,31.14177258924097
Q0,212,0.8384061706995153,0.017398255585563252,1024.9,30.985319104375865
Q0,213,0.8383239455332181,0.01732964655020902,1030.4,31.292810675936416
Q0,214,0.8383435611327735,0.017309443913921252,1035.4,31.289614890567126
Q0,215,0.838008357436338,0.01695236467608256,1040.7,31.144983544705877
Q0,216,0.8379172889756225,0.016799075889673876,1045.9,30.972407074685044
Q0,217,0.8388330541091185,0.01734450240777169,1051.2,30.908898395122396
Q0,218,0.8395589662783074,0.018036167659790634,1056.2,30.560759152874457
Q0,219,0.8376920628336431,0.017418877901010828,1061.2,30.43287695897317
Q0,220,0.8362532653034858,0.016817753450429393,1066.2,30.511637124218684
Q0,221,0.8352736680983439,0.018504027910654072,1071.4,30.63723225097202
Q0,222,0.8352400334246652,0.0184834964698067,1076.9,31.017575662839935
Q0,223,0.8351515052271212,0.018497799810272837,1082.3,30.80275961663175
Q0,224,0.8340902941081341,0.019285031075431756,1087.8,30.488686426279504
Q0,225,0.8341124499708608,0.019292066076036157,1092.9,31.020799473901377
Q0,226,0.8341320655704159,0.019290049716364898,1098.1,31.35426605742829
Q0,227,0.8341358283384916,0.01926802531923455,1103.6,31.531571480026173
Q0,228,0.8341275962965256,0.019261600057980523,1108.6,31.781126474686197
Q0,229,0.834619629536042,0.019558429548794387,1114.1,32.07631524972904
Q0,230,0.8344747948030029,0.01933045863819773,1118.7,32.034512638715135
Q0,231,0.8344204172782271,0.019236514409549994,1123.5,32.00390601161052
Q0,232,0.8349010669601539,0.019460176876599216,1128.7,32.17467948558307
Q0,233,0.8350427501775695,0.01972839462071495,1133.7,32.156025873854496
Q0,234,0.834748611437601,0.02027027480912555,1138.9,32.380395303331305
Q0,235,0.8329038638556632,0.023141384844440848,1143.5,32.33032632065442
Q0,236,0.8327824074902553,0.023313872983483742,1148.7,32.39151123365503
Q0,237,0.8326685719143612,0.023356528586439888,1154.3,32.45011556219792
Q0,238,0.8325971190532012,0.023366673377575628,1159.5,32.389041356607024
Q0,239,0.8325231259288699,0.023369027180672707,1164.5,32.224990302558666
Q0,240,0.8324832834773069,0.0233438443480283,1169.4,32.32089107682522
Q0,241,0.8325205856656988,0.023362593319778406,1174.6,32.40432069956104
Q0,242,0.8324573648465048,0.02338115575909937,1179.8,31.889810284791597
Q0,243,0.8323578738370984,0.023255838437345806,1184.4,32.24344894703418
Q0,244,0.8312473657196779,0.022191465875213628,1189.3,32.81478325389336
Q0,245,0.8311329188913316,0.022014255091866584,1194.0,33.25357123678598
Q0,246,0.8304858898660912,0.021087750799067103,1199.7,33.370795615328085
Q0,247,0.8304593599828367,0.02107900996086116,1205.2,33.61190265367315
Q0,248,0.8304220577944449,0.02107242456424279,1210.0,33.84080377296024
Q0,249,0.830430289836411,0.021062298328283456,1215.1,33.871669577982125
Q0,250,0.8303904473848481,0.021065375002146773,1220.2,33.70993918712996
Q0,251,0.8304897478875294,0.0210829166160963,1225.3,33.43067453701765
Q0,252,0.8305498171910999,0.021100679121779115,1230.5,33.91238711739414
Q0,253,0.8305011314451187,0.02103764272728129,1235.6,33.90044247498844
Q0,254,0.8305068232239134,0.02103784406839664,1240.6,33.681448899950844
Q0,255,0.8305580492330659,0.020996561391892397,1245.9,33.74744434768357
Q0,256,0.8300394861102951,0.020344971307749617,1251.1,33.33901618224509
Q0,257,0.8297194287395246,0.01994415758821859,1255.8,33.772177898382566
Q0,258,0.8296283602788093,0.019870416879186028,1261.2,33.828390443531305
Q0,259,0.8294171532109529,0.02020263391010983,1265.9,33.92182188503441
Q0,260,0.8283635628814796,0.021556743614503677,1271.5,33.97131142596647
Q0,261,0.8283894815122818,0.021561733160087727,1277.0,34.21403220902207
Q0,262,0.8283464875450953,0.021499242827417598,1281.9,34.28541964159109
Q0,263,0.828375557691521,0.021551585025016164,1287.2,34.025872509018775
Q0,264,0.828904893119429,0.020790251739788664,1291.8,33.69807116141813
Q0,265,0.827812682843297,0.02119455807304624,1296.2,33.72773339553075
Q0,266,0.8277513910348222,0.021234540066914206,1301.2,34.017054546212556
Q0,267,0.8276913217312517,0.021216269305658456,1306.3,33.689909468563435
Q0,268,0.8277184628669584,0.021236338339071077,1311.3,33.91769449712053
Q0,269,0.8277210031301296,0.02125530916685637,1316.7,34.278418866686366
Q0,270,0.8277349269508903,0.021253036784239714,1321.6,34.30218651922935
Q0,271,0.8277120645823489,0.02125533501133991,1326.7,34.02660723610275
Q0,272,0.8276266879004283,0.021157202386596213,1332.1,34.121693979050924
Q0,273,0.8276102238164963,0.021150478846496526,1336.7,34.65270552208009
Q0,274,0.8265205538035356,0.02164339116044837,1341.6,34.226305672683985
Q0,275,0.8265794006022018,0.021692906906964002,1346.9,34.53823967720416
Q0,276,0.8265737088234071,0.02172837635004993,1351.0,34.24032710124131
Q0,277,0.8265743200758593,0.02172549924804147,1355.9,33.753370202099816
Q0,278,0.826461421244782,0.021847392443466052,1361.2,34.166650406500196
Q0,279,0.8257664129793753,0.02113666112129258,1365.9,34.58742546070753
Q0,280,0.8253167624545931,0.020699300788604755,1371.1,34.2299576394713
Q0,281,0.8246704399351674,0.020194612713229795,1376.1,34.22119226444338
Q0,282,0.8244629956353868,0.020089556664150226,1381.2,34.11685800304594
Q0,283,0.8242612431144007,0.019977103396390552,1386.2,34.18713208211534
Q0,284,0.8244343462346884,0.02006767800140103,1391.3,34.330889880689085
Q0,285,0.8237931042416051,0.019774776376621027,1395.8,34.71541444373091
Q0,286,0.8228987884650213,0.01970379100170191,1401.0,34.170162422792195
Q0,287,0.8228905564230551,0.019676173034464912,1405.8,34.43486605172147
Q0,288,0.8222923083971587,0.019753166131714347,1410.3,34.304664405879265
Q0,289,0.8217831998212581,0.020071202801606736,1414.9,33.86871712952824
Q0,290,0.8214240065047393,0.02031323752343631,1420.0,34.058772731852805
Q0,291,0.8211191907129965,0.020179242921409636,1425.2,34.3970929004182
Q0,292,0.8212418695833087,0.020354200557899462,1430.4,34.015290679340076
Q0,293,0.8208946710768317,0.020358423672763366,1435.8,34.353456885734225
Q0,294,0.8209111351607634,0.02036094299947122,1440.4,35.296458745885545
Q0,295,0.8208966000875504,0.02037625355843794,1444.9,35.32831725401027
Q0,296,0.8208991403507218,0.02038759382734422,1449.4,35.866976454672056
Q0,297,0.8205690171806287,0.020758446506330696,1454.2,36.34501341312175
Q0,298,0.8205203314346475,0.020792342139854977,1459.2,36.254103216049906
Q0,299,0.8195489662714713,0.022663539446959455,1464.1,36.68909919853579
Q0,300,0.8205931020540744,0.022819157684795168,1468.4,36.89498610922628
Q0,301,0.8201611381181287,0.022795995055741577,1473.3,36.54326203282898
Q0,302,0.8198670946315231,0.02273943937548573,1478.7,36.49671218068828
Q0,303,0.8187375821669992,0.021288487107374857,1483.7,36.65801413060996
Q0,304,0.819144238724595,0.020546122423278666,1488.4,36.93291215162974
Q0,305,0.8191581625453557,0.02055126030758334,1494.0,37.0
Q0,306,0.8190904724522712,0.020477117889297215,1498.9,36.884820726146955
Q0,307,0.8198619188518178,0.02116022852967844,1504.0,37.051315766110115
Q0,308,0.8198157733690079,0.021295390131758705,1509.0,36.35381685600564
Q0,309,0.8198214651478027,0.02126065800292243,1514.1,36.79524425792007
Q0,310,0.8197930062538292,0.021220003131769048,1518.8,37.37860350521405
Q0,311,0.8196740901515925,0.021165107016963905,1524.0,37.013511046643494
Q0,312,0.8196937057511479,0.021170519029804588,1529.2,36.73363581242673
Q0,313,0.8196393282263721,0.02119973563298073,1534.1,36.94441771093435
Q0,314,0.8196367879632008,0.021201878357618095,1539.3,36.84304547672464
Q0,315,0.8196336364475775,0.021188417029760855,1544.3,37.27479040853215
Q0,316,0.8189335476558283,0.020712593037343074,1549.2,37.41603934143752
Q0,317,0.8187356531562802,0.020582901219874897,1554.6,38.01105102466913
Q0,318,0.8162167354133955,0.020787314282301857,1559.4,38.17643252060098
Q0,319,0.816255355360054,0.02078652801815105,1564.0,38.10774199555781
Q0,320,0.8161952860564833,0.020788896869414056,1569.2,38.219890109732134
Q0,321,0.8161958973089357,0.020799706440816433,1574.1,38.15874735889531
Q0,322,0.8157120961113854,0.021312707165297127,1579.4,38.17905184783928
Q0,323,0.8156975610381725,0.02132428686802928,1584.3,37.85776010278474
Q0,324,0.8155495747895101,0.021178685150656084,1589.7,37.717502568436316
Q0,325,0.8157481757948727,0.021185837458616498,1594.6,37.47852718557654
Q0,326,0.8156014120511147,0.02111802166087583,1599.2,37.42405643433111
Q0,327,0.8155786449359358,0.02110362711700176,1604.2,37.81481191279417
Q0,328,0.8154843297062344,0.021069694524997254,1608.9,38.17184826544295
Q0,329,0.8154696993796591,0.021081775923704287,1613.9,38.36261200700495
Q0,330,0.8153880854658141,0.021074916221336098,1619.1,38.8598764794743
Q0,331,0.8143560397466152,0.021297380907975564,1624.1,38.63016955696674
Q0,332,0.8136755665544214,0.02163747209650623,1629.0,38.52012461039035
Q0,333,0.813655950954866,0.02167545333219692,1633.9,38.68707794600156
Q0,334,0.8139974576825484,0.021184650885798448,1638.6,38.551783356934344
Q0,335,0.8139285450845598,0.02116527949163672,1643.3,38.46569900573757
Q0,336,0.8140543754704958,0.021482010816215674,1647.9,38.40950403220536
Q0,337,0.8140455321760776,0.021504660895293324,1652.7,38.541017111643534
Q0,338,0.8140170732821039,0.021473771290860692,1657.7,38.62395629657842
Q0,339,0.8138260930662551,0.021608419021970127,1662.5,38.281196428533946
Q0,340,0.8143175150533191,0.020096399096241356,1666.8,38.02841043220187
Q0,341,0.8133726797733974,0.020152604361190755,1671.4,38.351531912037096
Q0,342,0.8150630428220635,0.021260225012832038,1676.4,38.247091392679785
Q0,343,0.8137956099081999,0.02171289793430699,1681.2,37.93362624374316
Q0,344,0.8127907053247077,0.022614872987983783,1685.5,37.33162198458567
Q0,345,0.8114708238967875,0.024416807006195345,1690.5,37.4492990588609
Q0,346,0.8116048863246892,0.02422693499082613,1695.2,37.50146663798631
Q0,347,0.8110174106039297,0.02520352588219802,1700.4,37.199999999999996
Q0,348,0.8120539255970189,0.02478799686997111,1704.9,36.765336935760565
Q0,349,0.8111173223590633,0.02622757951801079,1708.9,37.106468438804576
Q0,350,0.8107269791109515,0.025865565289847594,1714.0,36.70422319025428
Q0,351,0.8095039531759036,0.026381969305194403,1718.6,37.31809212700992
Q0,352,0.8092851253185336,0.026140218843271355,1723.2,36.804347569275016
Q0,353,0.8092282075305866,0.026107654049002255,1727.9,36.99310746612131
Q0,354,0.8091106091866168,0.0261087479054061,1732.8,37.29021319327633
Q0,355,0.808495936809065,0.02705328749683389,1738.0,37.13758204299251
Q0,356,0.8084776389677766,0.027043942829051502,1742.5,36.89512162874653
Q0,357,0.808425801706172,0.027011831167652014,1747.3,36.85932717779857
Q0,358,0.8084030345909932,0.027067822415168516,1752.3,37.00824232519021
Q0,359,0.808320809424696,0.027139444555340696,1757.3,36.510409474559445
Q0,360,0.8085757169655535,0.027399638957459452,1761.9,36.0401165369925
Q0,361,0.8074569768061671,0.026299185517799185,1767.0,36.2381014955254
Q0,362,0.8074791326688938,0.026282236737649855,1771.6,36.23589380710789
Q0,363,0.8071774683927743,0.026100348518149845,1776.3,36.63891373935642
Q0,364,0.8069751046193359,0.025998808757948324,1781.2,36.58906940603983
Q0,365,0.8062187092920918,0.02572826183651838,1786.6,36.680239911974404
Q0,366,0.805979654582714,0.02570978426408781,1791.5,36.781109281803886
Q0,367,0.8046642424286841,0.026133610711957578,1796.5,36.513696060519536
Q0,368,0.8038307024614852,0.0263886371898863,1801.2,36.69550381177509
Q0,369,0.8038053950831353,0.02638857281485885,1806.1,36.618164891212125
Q0,370,0.8038028548199639,0.02638710522109687,1811.2,36.61092733051158
Q0,371,0.8037856842302172,0.026417347627179108,1815.7,36.254792786609606
Q0,372,0.8038356877344655,0.026399950620895164,1820.5,36.57936576814858
Q0,373,0.8038749189335761,0.026426902436907762,1824.8,35.971655508191446
Q0,374,0.8038837622279942,0.02643076807477324,1829.7,35.87770895695543
Q0,375,0.8036700148969664,0.026184668832485745,1834.9,35.84257245232267
Q0,376,0.8031659868474087,0.02604669836563124,1839.8,35.907659350060676
Q0,377,0.8031355989427162,0.02603441369986405,1845.0,36.05551275463989
Q0,378,0.8026511864927137,0.026620165166076137,1850.0,36.49931506206658
Q0,379,0.8019933851623362,0.02641183180550848,1855.1,36.57444463009657
Q0,380,0.8032045115407047,0.02495023427088419,1860.2,36.68187563361503
Q0,381,0.8024791153706055,0.02615589343275962,1865.0,36.8021738488367
Q0,382,0.8017603477241178,0.027402564853652833,1869.7,37.39799459864125
Q0,383,0.8009318882832615,0.028971585875946965,1875.2,37.231169737197355
Q0,384,0.7995627098569078,0.030139600329033425,1880.1,37.38034242753803
Q0,385,0.7996164761292314,0.029985642184865897,1885.1,37.52452531345333
Q0,386,0.7989701536098059,0.03072771277229396,1890.0,37.81005157362259
Q0,387,0.7985552650102443,0.030578406973696425,1895.0,38.047338934543106
Q0,388,0.7988822366647139,0.029959307853315992,1900.1,37.771550140284155
Q0,389,0.7995071098272276,0.0287767911624324,1905.0,37.48332962798263
Q0,390,0.7997408935035377,0.028153718320296214,1909.6,36.82716388754366
Q0,391,0.7991267926461614,0.029249229712200814,1914.2,36.97783119654262
Q0,392,0.7992494715164737,0.029048917434684924,1919.1,36.757176170103165
Q0,393,0.7991672463501767,0.02914602985391137,1924.1,37.10916328886977
Q0,394,0.7989364236827647,0.029586296980852397,1929.0,37.20483839502599
Q0,395,0.7985872961655684,0.030221217708640866,1933.2,37.128964434791335
Q0,396,0.7977335293463621,0.029264629208929336,1938.4,37.558487722484244
Q0,397,0.7981117270099841,0.028256108333439032,1943.2,37.58403916558198
Q0,398,0.7976848436003808,0.02772039335323351,1948.5,37.31286641361127
Q0,399,0.7971372103311845,0.027424824757265903,1953.3,37.164633726164986
Q0,400,0.7964396618026066,0.028575241445804676,1958.5,37.07087805811996
Q1,1,0.2813883125886952,0.00014058450073926084,2.0,0.6324555320336759
Q1,2,0.3157754998031552,0.0003987679894881866,3.9,0.8306623862918074
Q1,3,0.3549084080274981,0.0006239359956330851,6.1,1.2206555615733703
Q1,4,0.39482424146233963,0.0009549561136628276,7.9,1.0440306508910548
Q1,5,0.43496835730142164,0.0035800030760639733,10.4,1.2806248474865698
Q1,6,0.4761882193327036,0.004861189465476078,12.7,1.1874342087037917
Q1,7,0.5145710352610493,0.006862083580089216,15.1,2.4269322199023193
Q1,8,0.548377661038449,0.008339432204195163,17.5,2.6551836094703507
Q1,9,0.5768422467907885,0.008024804818810872,21.5,2.8372521918222215
Q1,10,0.6033488606377478,0.007115568671762361,24.8,3.249615361854384
Q1,11,0.6277704496884873,0.0075144311688104095,28.7,3.163858403911275
Q1,12,0.6501283680465562,0.009238977537203137,32.9,3.2078029864690882
Q1,13,0.671565726504874,0.011419864186132734,36.3,3.63455636907725
Q1,14,0.6911832240138772,0.013470214902159583,40.8,3.7894590642992827
Q1,15,0.7097132107596408,0.01665574829498397,45.5,3.138470965295043
Q1,16,0.7248533423535666,0.01780333245180879,49.4,2.65329983228432
Q1,17,0.7347260382992153,0.02037251578075268,53.7,2.6851443164195103
Q1,18,0.7422588019077863,0.02031555037265786,57.9,2.6248809496813377
Q1,19,0.7472504919107461,0.021403975933183116,62.4,2.870540018881465
Q1,20,0.7481637167810707,0.021876152717591885,67.1,2.5079872407968904
Q1,21,0.7492445434996133,0.02240053396237419,71.3,3.2572994949804666
Q1,22,0.7492015495324269,0.02215698949523206,75.5,3.6945906403822333
Q1,23,0.749589908248734,0.022178003581366623,80.4,3.4985711369071804
Q1,24,0.7500364072578926,0.022079433324462876,85.0,3.794733192202055
Q1,25,0.7505050621297779,0.022162661447504062,89.7,4.290687590584987
Q1,26,0.750822579237377,0.021906147682340196,93.4,4.737087712930805
Q1,27,0.7512046349224374,0.021483962995704486,98.5,4.364630568559039
Q1,28,0.7518491236845064,0.021682028158939826,103.1,4.4147480109288235
Q1,29,0.7524581440155402,0.02179190121417225,107.8,4.4
Q1,30,0.7538273224418937,0.01999430872243165,112.5,4.341658669218482
Q1,31,0.7560382728774122,0.018774422169346043,116.3,4.583666654546336
Q1,32,0.7574726011336786,0.018834568228921156,120.6,4.6946778377222005
Q1,33,0.7584231281923951,0.019380000248967407,124.9,4.784349485562275
Q1,34,0.7593958111138381,0.019059045328829592,129.5,4.801041553663121
Q1,35,0.7594837280589302,0.018836619924834378,134.1,4.7
Q1,36,0.7610642088065026,0.01769368864017058,138.3,4.382921400162225
Q1,37,0.7633398883262069,0.015141273043827985,142.8,4.534313619501853
Q1,38,0.7651868506789515,0.014082487900456402,147.2,4.975942121849891
Q1,39,0.7654639140825357,0.012771685972591441,151.7,4.8999999999999995
Q1,40,0.7667863357736274,0.010996222591865874,155.8,5.035871324805668
Q1,41,0.7674592834296698,0.011605503512197256,160.5,4.904079934095692
Q1,42,0.7677805633053447,0.010978750452391772,165.0,4.1952353926806065
Q1,43,0.7678260975357024,0.010920556835330381,170.1,4.7
Q1,44,0.7681220700330275,0.010687301957840536,175.1,5.166236541235795
Q1,45,0.7692091997828168,0.010050632406553258,179.4,5.834380858325929
Q1,46,0.7710988703426601,0.010702586446866185,183.9,6.394528911499267
Q1,47,0.7712923908216803,0.01037886538069085,188.6,6.327716807822551
Q1,48,0.7712949310848514,0.010363175317812688,193.1,6.252199612936234
Q1,49,0.7718811843007065,0.010635253683194087,197.8,5.96322060635023
Q1,50,0.7720405541069584,0.01063628490056498,202.8,6.384355879804947
Q1,51,0.7720405541069584,0.010638450492405633,207.7,6.588626564011653
Q1,52,0.7720177869917796,0.010613089128647448,212.3,6.634003316248795
Q1,53,0.7720348623281635,0.010619232789514653,217.8,6.7201190465645775
Q1,54,0.7723561422038386,0.01061193083740886,222.2,7.236021006050217
Q1,55,0.7726571952275061,0.010625388700985935,226.7,7.523961722390672
Q1,56,0.7729690205563107,0.010033232394286067,231.8,7.896834808959853
Q1,57,0.7731625410353308,0.009639734147191863,236.8,7.846018098373212
Q1,58,0.7733073757683698,0.009352685199172088,241.5,8.200609733428363
Q1,59,0.7734066762710511,0.009284744661180854,246.1,8.791473141629906
Q1,60,0.7738051007866806,0.00855623773800484,250.8,9.064215354899728
Q1,61,0.7738841744373544,0.00851908437176933,256.2,9.130169768410662
Q1,62,0.7739550160460622,0.00835241062480643,260.9,8.882004278314664
Q1,63,0.77392909741526,0.007733342120518489,265.4,8.616263691415206
Q1,64,0.7739322489308833,0.0077053071944579886,269.9,7.73886296557834
Q1,65,0.7738582558065522,0.007738470472087289,274.8,7.6000000000000005
Q1,66,0.7738582558065522,0.0077492317343589925,279.7,7.694803441284254
Q1,67,0.7738924064793203,0.007706920784020679,284.5,7.526619427073485
Q1,68,0.7739565243110542,0.007724392366567427,288.6,7.748548251124205
Q1,69,0.7741475997802655,0.0076872200907709964,293.8,7.782030583337487
Q1,70,0.7745340294858535,0.007419472692367334,297.9,7.340980860893181
Q1,71,0.7748015430892049,0.006720551212575046,302.8,6.823488843692793
Q1,72,0.7744739601822831,0.006272173585197272,307.1,7.119691004531025
Q1,73,0.7742798284508107,0.00610317316148088,311.7,7.707788269017255
Q1,74,0.7737840324432188,0.006229085923482401,316.4,7.310266752998825
Q1,75,0.773801107779603,0.005905219930143274,321.4,7.512655988397178
Q1,76,0.7742735254195638,0.005787400593461482,325.7,7.457211275000864
Q1,77,0.7742678336407691,0.005794904810798578,330.2,7.166589146867567
Q1,78,0.7741938405164379,0.005800732799632993,334.9,6.847627326307996
Q1,79,0.7742052240740274,0.005781305546295618,339.4,6.216108107168021
Q1,80,0.7741793054432251,0.005772307757423334,344.2,5.653317610041028
Q1,81,0.7741963807796092,0.005779901667511629,348.9,5.52177507691141
Q1,82,0.7742444552731381,0.005797354930112893,353.6,5.71314274283428
Q1,83,0.7739712498909922,0.005828464064287582,358.2,5.582114294781145
Q1,84,0.7735671335965678,0.006111080428282717,362.3,6.0835844697020525
Q1,85,0.7732825446568323,0.006376447541517856,367.3,6.419501538281613
Q1,86,0.7733736131175476,0.006373093349756151,371.5,5.937171043518958
Q1,87,0.7734532980206736,0.006399930509321465,375.3,5.710516614107694
Q1,88,0.7734191473479054,0.006362051152917628,380.5,5.352569476429054
Q1,89,0.7734268633907816,0.006276747081172742,385.2,5.1536394906900505
Q1,90,0.7736554870761956,0.005892352633275981,389.6,5.180733538795447
Q1,91,0.7736732689183945,0.005799642530696697,394.6,5.276362383309167
Q1,92,0.7736441987719688,0.005716967637747073,399.3,5.158488150611572
Q1,93,0.7738345677353655,0.005414328258809206,403.9,4.742362280551751
Q1,94,0.7735556705744246,0.005828457591273358,408.8,4.833218389437828
Q1,95,0.77354997879563,0.005824820227885553,414.4,4.758150901348127
Q1,96,0.7734987527864776,0.005718595212635327,419.0,4.774934554525329
Q1,97,0.7734899094920594,0.005694256685566502,423.6,4.983974317750844
Q1,98,0.7734696826400518,0.005633900737394024,428.8,4.894895300208167
Q1,99,0.7734639908612572,0.00562465970234575,433.1,4.504442251822083
Q1,100,0.7734209968940708,0.00555037415956917,437.9,4.459820624195551
Q1,101,0.7734437640092496,0.005557810046407746,442.5,4.759201613716317
Q1,102,0.7734690713875997,0.00555855072010549,447.0,5.039841267341661
Q1,103,0.7735254731764571,0.005534154920078641,451.2,5.134199061197374
Q1,104,0.7735844152284859,0.00549159591337669,455.8,5.3065996645686395
Q1,105,0.7737283132167081,0.005344384274680859,460.6,5.4258639865002145
Q1,106,0.7737340049955028,0.00534812649560227,465.2,5.211525688318153
Q1,107,0.7737308534798792,0.00532244831829809,470.0,5.019960159204453
Q1,108,0.7737194699222899,0.005310447650889877,475.1,5.412023651093923
Q1,109,0.7737877712678264,0.005395856645832148,480.0,4.979959839195493
Q1,110,0.7738788397285418,0.0054261654147079175,485.1,4.825971404805461
Q1,111,0.7742874252968563,0.005707660817412224,489.6,5.0039984012787215
Q1,112,0.7749072179330276,0.006420671675606523,493.9,5.467174773134658
Q1,113,0.7753195662694179,0.007127669372557372,498.5,5.818075283115543
Q1,114,0.7753081827118284,0.007118018899908589,503.2,5.99666574022598
Q1,115,0.7753551299538155,0.007133131091857317,507.9,6.378871373526825
Q1,116,0.7753519784381921,0.007139670428265981,512.0,6.196773353931867
Q1,117,0.7753494381750208,0.007137651379412208,516.4,6.468384651518491
Q1,118,0.7753551299538155,0.007133461793757203,520.8,6.493073232299171
Q1,119,0.7754063559629679,0.007133262585118757,524.9,6.518435395092905
Q1,120,0.7754259715625232,0.007119738964636175,529.3,6.4815121692395214
Q1,121,0.7754316633413179,0.007116519822786856,534.2,6.4156059729381765
Q1,122,0.7754626624984626,0.007086778695382247,539.6,6.374950980203691
Q1,123,0.7754626624984626,0.0070923894509227125,544.8,6.539113089708726
Q1,124,0.7754683542772575,0.007086587318525238,549.2,6.095900261651268
Q1,125,0.7754740460560522,0.007088495612399657,553.2,6.095900261651268
Q1,126,0.7754740460560521,0.007123269692590675,558.1,5.717516943569122
Q1,127,0.7755702902964726,0.007099712029263334,562.9,5.906775770248943
Q1,128,0.7756064652333226,0.007068887110232099,567.7,5.984145720150872
Q1,129,0.7755495474453754,0.006943922570578885,572.4,5.868560300448483
Q1,130,0.7755324721089913,0.006984200289241238,577.3,5.984145720150872
Q1,131,0.7755451734248476,0.006967141829911284,582.0,6.082762530298219
Q1,132,0.7755837933715063,0.0070630377707901855,586.5,5.818075283115543
Q1,133,0.775754411749708,0.007170150341922954,590.9,5.85576638878294
Q1,134,0.7758316516430253,0.007147556457782196,595.3,5.23545604508337
Q1,135,0.7758404949374433,0.007137223032721827,599.8,5.509990925582365
Q1,136,0.7759827894073112,0.006974710327610444,604.5,5.869412236331676
Q1,137,0.7763413714713778,0.006656496495429991,608.7,6.527633568147036
Q1,138,0.7763755221441461,0.0066318723473692415,613.6,6.590902821313632
Q1,139,0.7760738578680264,0.006854661197475162,618.3,6.3095166217389425
Q1,140,0.7760795496468212,0.006828222402848931,623.4,6.327716807822549
Q1,141,0.7760681660892319,0.006829705841553507,627.6,6.280127387243032
Q1,142,0.7760738578680264,0.006826347492707144,632.0,6.782329983125268
Q1,143,0.7760587115423615,0.0068443110886497495,636.5,6.974955196988724
Q1,144,0.7760587115423613,0.006842809395905176,641.1,7.449161026585476
Q1,145,0.7760700950999508,0.006840470841097814,645.0,8.160882305241266
Q1,146,0.7760814786575402,0.006827828209597945,649.4,8.368990381163071
Q1,147,0.7761491687506246,0.006799229143994836,654.6,8.440379138403676
Q1,148,0.7761986562557829,0.006755294546871334,659.1,8.395832299420944
Q1,149,0.7762176606028861,0.006730655338403886,663.4,8.968834929911464
Q1,150,0.7762025142772211,0.006721987312779108,668.9,8.722958213817144
Q1,151,0.7761589090575826,0.006868096935292934,673.3,8.66083136886985
Q1,152,0.7761810649203092,0.0068855124055037745,678.6,8.151073548925932
Q1,153,0.7761836051834805,0.00689190713399696,683.0,8.660254037844387
Q1,154,0.7761861454466519,0.006894284977913653,688.2,8.840814442120138
Q1,155,0.7761994580149603,0.006895298987280396,693.1,9.213576938409968
Q1,156,0.7763272174116151,0.006832409322679929,697.4,8.742997197757756
Q1,157,0.7763007827817232,0.006876491170491812,702.3,9.06697303403953
Q1,158,0.7762344104469059,0.006774398403468737,707.2,9.271461589199408
Q1,159,0.7762015775324046,0.006683766183458719,712.1,9.502105029939418
Q1,160,0.7761642753440127,0.00668509333306218,716.7,9.778036612735708
Q1,161,0.7761611238283892,0.006692402095606887,721.7,9.508417323613852
Q1,162,0.7761952745011576,0.006746604333492883,726.4,9.748846085563152
Q1,163,0.7762009662799522,0.006742131672956051,731.0,9.581231653602787
Q1,164,0.7761459775027243,0.006789924627302884,735.2,9.526804291051644
Q1,165,0.7757526335134372,0.007039461132445473,739.7,10.040418317978588
Q1,166,0.7757178715882167,0.007067307252573012,744.4,9.820386957752733
Q1,167,0.7757033365150038,0.007019326486395297,749.0,10.158740079360236
Q1,168,0.7756097277911173,0.0069833541709244185,753.3,10.507616285342742
Q1,169,0.7761106043250516,0.006880529425595161,757.9,11.22007130102122
Q1,170,0.7761188363670176,0.0068443767162141705,762.5,10.920164833920778
Q1,171,0.7758842509315304,0.006384917795627916,767.0,10.89954127475097
Q1,172,0.7758924829734962,0.006376958952785935,771.6,11.490865937778581
Q1,173,0.7758583323007279,0.006339493511299229,776.5,11.5
Q1,174,0.775875407637112,0.006339863041279233,781.5,12.060265337047937
Q1,175,0.776012010328185,0.006308653311535003,786.4,11.456002793295749
Q1,176,0.7760290856645692,0.006290987203398466,791.0,11.144505372604026
Q1,177,0.7760461610009534,0.0062751246124363065,795.7,11.428473213863695
Q1,178,0.776060084821714,0.006272062108759758,800.3,11.653754759733019
Q1,179,0.776060084821714,0.006272062108759758,805.2,11.487384384619503
Q1,180,0.7761454615036345,0.006265533299258471,810.1,11.139569111954016
Q1,181,0.7761764606607794,0.0062659784208480155,815.2,10.777754868245983
Q1,182,0.7761973940186017,0.006258720284928214,819.3,10.761505470890214
Q1,183,0.7761948537554304,0.006255180767103424,823.6,10.394229168149026
Q1,184,0.7761980052710539,0.006263379139778893,828.7,10.789346597454362
Q1,185,0.776192313492259,0.006273857235652157,833.4,11.208925015361643
Q1,186,0.7762120243451771,0.006298908849445821,837.6,10.974515934655159
Q1,187,0.7761892572299982,0.0062979375701208195,841.6,10.669582934679312
Q1,188,0.7762657906175007,0.0064326082936967234,846.3,10.507616285342742
Q1,189,0.7762430235023219,0.006442615015455343,851.0,10.788883167408942
Q1,190,0.7769658794092499,0.006857006018002689,855.8,11.249888888340186
Q1,191,0.7762657906175007,0.007179256968981656,860.7,10.770793842609745
Q1,192,0.7762740226594668,0.00717184798444555,865.4,10.716342659695052
Q1,193,0.7764017820561215,0.0072898830326203895,870.1,10.81156787889712
Q1,194,0.7764062513300118,0.007284631306901143,875.2,11.285388783732706
Q1,195,0.7763917162567991,0.007271662784912148,879.5,11.119802156513398
Q1,196,0.7763848019730999,0.007243806531454368,884.5,10.865081684000355
Q1,197,0.7764039015735658,0.007258414353270079,889.5,11.351211389098522
Q1,198,0.7764185319001411,0.007229391684063533,893.9,11.067520047418029
Q1,199,0.7763888505012633,0.00718548995734671,898.9,11.648605066702192
Q1,200,0.7764072435959142,0.007189660827561546,903.6,11.394735626595292
Q1,201,0.7764154756378803,0.007194028375686715,908.1,11.085576214162256
Q1,202,0.7763870167439066,0.007175008640957382,913.1,11.246777316191514
Q1,203,0.7763528660711385,0.007168851267857595,918.4,11.403508232118746
Q1,204,0.7763585578499332,0.007173709744892494,923.1,10.885311203635842
Q1,205,0.7763718704182416,0.0071675371309028665,927.9,10.261091559868277
Q1,206,0.7763775621970364,0.007162744417556143,932.3,9.571311299921238
Q1,207,0.776631151979627,0.007327636863189447,937.2,9.4424573072903
Q1,208,0.7766280004640036,0.0073184026967207765,941.6,9.275774900244183
Q1,209,0.7766438532954835,0.007303250289738228,946.3,9.413288479590966
Q1,210,0.7767064628622252,0.00725513659674287,950.9,9.115371632577576
Q1,211,0.7766931502939167,0.007264186122685428,955.7,9.1
Q1,212,0.7766817667363272,0.00727021059849395,960.4,9.467840302835699
Q1,213,0.7766843069994985,0.007268309356521155,965.2,10.17644338656684
Q1,214,0.7766899987782934,0.007258876243515038,970.3,10.060318086422516
Q1,215,0.7767033113466016,0.007246704460284054,974.2,10.628264204469138
Q1,216,0.776688776273389,0.007245010387380401,978.7,10.59292216529509
Q1,217,0.776680544231423,0.007238539671208662,983.7,10.724271537032246
Q1,218,0.7766983260736218,0.007222950732071962,988.3,10.761505470890214
Q1,219,0.7767034065999644,0.007225608240503185,992.8,10.514751542475931
Q1,220,0.776709098378759,0.007231810309055377,996.8,10.409610943738484
Q1,221,0.776677487969162,0.007281840467767561,1001.2,10.4
Q1,222,0.7765516575832263,0.007540324968119372,1005.6,10.6226173799116
Q1,223,0.7765661926564391,0.007479750533421256,1010.3,10.479026672358458
Q1,224,0.7764625181332299,0.007406582326538842,1014.9,10.615554625171498
Q1,225,0.7764593666176064,0.007431279643645711,1019.2,10.740577265678041
Q1,226,0.77648782551158,0.00737086837006716,1024.1,11.139569111954017
Q1,227,0.7765017493323406,0.007362856886548172,1028.7,11.081967334368027
Q1,228,0.7765833632461857,0.007285132684076814,1033.8,11.214276615100948
Q1,229,0.7766029788457411,0.007260088997983056,1038.0,11.20714058089752
Q1,230,0.7765517528365888,0.00734975098529467,1043.0,10.89954127475097
Q1,231,0.7765403692789993,0.007359687697047365,1047.8,10.777754868245983
Q1,232,0.7765403692789993,0.007359687697047365,1053.1,11.139569111954017
Q1,233,0.7765403692789993,0.007359687697047365,1057.3,11.866338946785568
Q1,234,0.7765346775002047,0.0073602378571117726,1061.6,12.626955294131678
Q1,235,0.7765631363941782,0.007358758666197262,1065.8,12.867012085173464
Q1,236,0.7765802117305622,0.007343680092854614,1070.0,12.617448236470002
Q1,237,0.7765992160776655,0.007333312204206837,1075.0,12.345039489608771
Q1,238,0.7766162914140495,0.007317290933921653,1079.9,12.995768542106312
Q1,239,0.7766959763171756,0.00725521362997285,1084.6,13.139254164525473
Q1,240,0.7770001808564663,0.007083338395243791,1089.3,13.863982111933064
Q1,241,0.7770621791707559,0.007028475116013197,1093.6,13.994284547628721
Q1,242,0.7772556996497759,0.007625053072961816,1098.6,13.763720427268202
Q1,243,0.7773467681104914,0.007760035741735716,1102.9,13.471822445385778
Q1,244,0.77752829377947,0.007847640934857496,1107.6,13.245376551838758
Q1,245,0.7775396773370594,0.00784151104479147,1112.6,13.313151392514095
Q1,246,0.7777388895948742,0.007746928920566156,1117.1,12.723600119463045
Q1,247,0.7777502731524637,0.007761315803275148,1121.4,12.232742946698423
Q1,248,0.7777047389221059,0.007760204964504532,1126.5,12.587692401707312
Q1,249,0.7777104307009006,0.007765707586171605,1131.2,12.671227249165726
Q1,250,0.7777135822165241,0.007757149331719169,1136.1,12.809761902549164
Q1,251,0.77769650688014,0.007726780582544883,1141.2,12.913558765886343
Q1,252,0.7777078904377295,0.007723545745560882,1145.7,13.092364186807515
Q1,253,0.7778160342348288,0.007700304600144793,1150.1,12.96495275733776
Q1,254,0.7771102536642849,0.008088904114618,1154.6,12.877888025604198
Q1,255,0.7767883625361579,0.008442509459217248,1159.3,13.476275449841472
Q1,256,0.7767852110205344,0.008449038443714117,1163.5,13.69854006819705
Q1,257,0.7767928318100481,0.008438919810750473,1168.3,13.416780537819049
Q1,258,0.7767384542852723,0.0084155242333788,1173.3,13.528118864054973
Q1,259,0.7761604331113833,0.007959292826890842,1177.6,13.047605144240073
Q1,260,0.7756880154714224,0.007843552291639912,1182.4,12.666491226855209
Q1,261,0.7746464199519907,0.008248859953884623,1187.1,12.825365491868059
Q1,262,0.7748538642517715,0.007650509790496333,1190.9,12.723600119463045
Q1,263,0.7747627957910562,0.007504473197452026,1195.3,13.364505228402583
Q1,264,0.7747280338658358,0.00745158646500196,1200.5,13.41081652995074
Q1,265,0.7738344245950664,0.00660133722746475,1205.3,14.014635207525023
Q1,266,0.773831273079443,0.00659480322045994,1210.4,13.573503600765722
Q1,267,0.7738369648582377,0.006589705603212665,1215.4,13.162066707018317
Q1,268,0.7738420453845802,0.0066020018277176025,1220.7,12.853404218338424
Q1,269,0.7738668367638406,0.006582771197907307,1225.4,12.7216351150314
Q1,270,0.7738693770270119,0.006604114380788812,1230.4,12.955307792561317
Q1,271,0.7738662255113885,0.006602845819826068,1235.0,12.214745187681975
Q1,272,0.7738548419537989,0.006592352561500679,1239.7,12.641598000252973
Q1,273,0.7738548419537989,0.006591280253566722,1244.5,12.467958934805647
Q1,274,0.7738573822169703,0.006589597941319087,1249.0,12.727922061357855
Q1,275,0.7738681545221076,0.006578484723543407,1253.6,12.427389106324787
Q1,276,0.7738732350484501,0.006574301823909574,1258.7,12.822246293064254
Q1,277,0.7738656142589363,0.0065615182874044714,1263.5,12.306502346320826
Q1,278,0.7738706947852788,0.006557752195753572,1268.5,12.200409829181968
Q1,279,0.7738706947852788,0.006557752195753572,1273.1,11.776671855834312
Q1,280,0.7738706947852789,0.006566341759196546,1277.5,11.603878661895772
Q1,281,0.7738593112276895,0.006560576380357345,1282.3,12.23151666801791
Q1,282,0.7738618514908607,0.006561058864291035,1287.3,12.345444503945574
Q1,283,0.7738637805015798,0.0065499219080942675,1291.9,12.848735346328837
Q1,284,0.7738637805015798,0.006576787618362754,1296.7,13.206437824031125
Q1,285,0.7738878653750255,0.006588267707235092,1301.2,13.075167302944921
Q1,286,0.7739164195223617,0.006580410086248522,1305.7,13.842326394071192
Q1,287,0.7739208887962519,0.006568537928344879,1310.0,13.935566009315876
Q1,288,0.7739348126170127,0.006570115172385513,1314.5,13.894243412291294
Q1,289,0.7739563572272872,0.006567184789156431,1319.5,13.654669530969983
Q1,290,0.7739805373540953,0.006557847279550678,1324.7,13.856767299770894
Q1,291,0.7740167122909453,0.006550377411188679,1329.3,13.689777207829204
Q1,292,0.7740889669112825,0.006550671674227011,1333.5,12.994229488507582
Q1,293,0.774079512364412,0.006487685868069565,1338.0,12.735776379946374
Q1,294,0.7740479019548152,0.006380138019327101,1342.7,12.54631419979589
Q1,295,0.7737513182050381,0.006059979405010303,1347.4,12.705904139414873
Q1,296,0.7735369596215583,0.005889140231526406,1351.8,12.781236246936365
Q1,297,0.7728356483249048,0.005814245955885893,1356.5,12.427791436936813
Q1,298,0.7726326732990143,0.005946129875757296,1361.4,11.984990613262909
Q1,299,0.7727085954340646,0.005899138179526133,1366.6,11.84229707446997
Q1,300,0.7729242717758114,0.005802522965062681,1371.4,11.892854997854805
Q1,301,0.7729356553334007,0.005793651389861608,1376.2,11.822013364905319
Q1,302,0.7729375843441199,0.00579461268555355,1381.2,11.504781614615723
Q1,303,0.7729344328284965,0.005802509487237718,1385.8,11.487384384619503
Q1,304,0.7729344328284965,0.005802509487237718,1390.5,11.968709203585824
Q1,305,0.7729344328284965,0.005802509487237718,1394.9,12.152777460317456
Q1,306,0.7729401246072911,0.005798595052410233,1399.6,11.723480711802276
Q1,307,0.7729401246072911,0.005798595052410233,1404.4,11.689311356961968
Q1,308,0.7729395133548389,0.005796418411190095,1409.3,11.645170672858342
Q1,309,0.7729483566492572,0.0057834263708664855,1414.1,11.58835622510803
Q1,310,0.772945816386086,0.005793955436884133,1418.7,11.532996141506334
Q1,311,0.7729565886912232,0.005798687461076244,1423.7,11.3758516164725
Q1,312,0.7729622804700179,0.005801858310964033,1428.3,11.34063490286148
Q1,313,0.7729508969124284,0.005812810840495398,1433.1,11.62282237668631
Q1,314,0.7729565886912232,0.005808967875545864,1437.9,11.700000000000001
Q1,315,0.7729591289543943,0.0058107057020179995,1442.8,11.830469136936202
Q1,316,0.7729673609963603,0.00579423767973691,1447.4,12.126005112979296
Q1,317,0.7729389021023868,0.005808729459647985,1452.6,12.823416081528354
Q1,318,0.7729445938811814,0.005805174590425423,1456.9,13.404849868610986
Q1,319,0.7734113197423476,0.0056915912124657405,1462.1,13.284953895290718
Q1,320,0.7736503744517254,0.00575931781829617,1467.0,12.992305415129373
Q1,321,0.7739261200970426,0.006041298446775464,1470.9,13.960300856356929
Q1,322,0.7739172768026246,0.006045771431915657,1475.6,14.03709371629327
Q1,323,0.77396219978053,0.006044470519574682,1480.4,14.143549766589716
Q1,324,0.7739027417294116,0.006043259622632729,1485.0,14.049911031746785
Q1,325,0.7739166655501724,0.006045128812672215,1489.7,14.057382402140163
Q1,326,0.7739433859401519,0.006047210892020018,1494.5,13.749545447032059
Q1,327,0.7739421634352476,0.006055088807808227,1499.1,13.743725841270264
Q1,328,0.7739421634352476,0.006057463132993402,1503.9,13.59742622704753
Q1,329,0.7739421634352476,0.006057463132993402,1509.4,13.690872872099865
Q1,330,0.7739523244879327,0.006061732917825271,1513.9,14.159449141827517
Q1,331,0.7739624855406176,0.006065725599356427,1517.7,14.191899097724729
Q1,332,0.7739701063301315,0.00606881886873451,1522.6,14.492756811593852
Q1,333,0.7739694950776792,0.006074705467835884,1527.2,14.19718281913704
Q1,334,0.773935344404911,0.006098325216903358,1531.4,14.636939570825588
Q1,335,0.7739353444049111,0.006127515576105553,1535.5,14.5
Q1,336,0.7739384959205344,0.0061160769896378454,1539.9,14.390621946253749
Q1,337,0.7739384959205344,0.0061160769896378454,1544.8,14.817557153593166
Q1,338,0.773935344404911,0.006124423417499183,1550.3,14.920120642943877
Q1,339,0.7739372734156301,0.006122213383451782,1555.0,15.019986684414869
Q1,340,0.773977306373918,0.006127520991327949,1560.2,14.824304368165135
Q1,341,0.7739659228163287,0.006116076337382925,1564.9,14.909393012460301
Q1,342,0.773960231037534,0.006110417547009248,1569.4,14.82700239428051
Q1,343,0.7739766951214659,0.006120376429236169,1574.4,14.860686390607938
Q1,344,0.7739741548582946,0.006119326354656436,1579.7,15.15288751360611
Q1,345,0.7739937704578501,0.006151952896285017,1584.3,15.722913216067816
Q1,346,0.7739994622366446,0.006162537056609088,1589.6,15.704776343520463
Q1,347,0.7739994622366446,0.006162537056609088,1594.3,15.874822833657074
Q1,348,0.7739994622366448,0.006158302668152195,1598.7,16.811008298136077
Q1,349,0.7740045427629874,0.006167781247068695,1603.6,16.668533228811704
Q1,350,0.7740235471100905,0.006182265734219265,1608.8,16.85111272290349
Q1,351,0.7741120753076347,0.006141864032966501,1613.7,17.464535493393463
Q1,352,0.7741177670864293,0.0061433306998776175,1618.3,17.618456232031228
Q1,353,0.7741203073496007,0.006143539357714613,1623.3,17.590054007876155
Q1,354,0.774114615570806,0.006138049048282121,1628.3,17.714683175264526
Q1,355,0.7741253878759431,0.006149137304211207,1633.1,17.586642658563346
Q1,356,0.7741310796547378,0.006147295974106061,1637.8,17.353962083628048
Q1,357,0.7741310796547378,0.006147295974106061,1642.3,17.58436805802244
Q1,358,0.7741171558339772,0.006162411199715762,1647.4,17.78876049644831
Q1,359,0.7740570865304066,0.006251774225488066,1651.7,17.911169699380327
Q1,360,0.7740627783092013,0.006257580818654826,1656.4,18.012218075517517
Q1,361,0.7740684700879961,0.006259065199039608,1660.9,17.958006570886425
Q1,362,0.7740343194152278,0.006270574629150433,1666.0,17.88854381999832
Q1,363,0.7737611140330818,0.006428696233067004,1670.2,18.043281298034454
Q1,364,0.7737098880239294,0.006512465829467194,1674.9,18.272657168567466
Q1,365,0.77379526470585,0.006666103674784132,1679.3,18.482694608741443
Q1,366,0.7738060370109873,0.0066794204986249444,1683.9,18.641083659487183
Q1,367,0.7738085772741584,0.006680700499765467,1688.8,18.225257199831226
Q1,368,0.7738130465480488,0.006682973000378049,1693.6,18.18350901228913
Q1,369,0.7737928196960412,0.0066752209737939525,1698.9,18.549663069716388
Q1,370,0.7738181270743915,0.006687404810709997,1703.4,18.111874557869484
Q1,371,0.7738200560851104,0.006697696707167274,1707.5,18.001388835309346
Q1,372,0.773816904569487,0.0066934815729439105,1713.0,17.787636155487327
Q1,373,0.7738308283902477,0.006699650612058662,1717.4,17.65899204371529
Q1,374,0.7738308283902477,0.006699650612058662,1722.2,17.72455923288362
Q1,375,0.7738308283902477,0.006699650612058662,1726.7,17.91675193778158
Q1,376,0.773825136611453,0.006694370269307029,1731.0,18.18790807102345
Q1,377,0.7738194448326583,0.006689129346613897,1735.7,18.461040057374884
Q1,378,0.7738106015382402,0.006696284656481415,1740.0,18.968394766031206
Q1,379,0.7738106015382401,0.006696749113243764,1745.0,18.804254837669053
Q1,380,0.7738106015382402,0.006697614574748779,1750.0,18.952572384771415
Q1,381,0.7738162933170349,0.006689819156559033,1754.1,19.13347851280577
Q1,382,0.7738106015382401,0.00668591730989452,1758.5,19.5716631894175
Q1,383,0.7738106015382401,0.006672867042074194,1763.3,19.48358283273382
Q1,384,0.7740243488692677,0.006390035560712206,1768.1,19.856736892047497
Q1,385,0.7744910747304339,0.0060063827565212564,1772.5,20.016243403795826
Q1,386,0.7750280309478558,0.0059564934780539005,1777.0,20.346989949375804
Q1,387,0.7753379272659413,0.006106243831564636,1781.3,20.513653989477348
Q1,388,0.7752354752476365,0.006021106300390813,1785.9,20.33445352105633
Q1,389,0.7752127081324576,0.005996006520347695,1790.5,20.529247428973132
Q1,390,0.7752152483956289,0.0059963714003090545,1795.7,20.67873303662485
Q1,391,0.7751981730592448,0.0059950626948667455,1800.5,21.200235847744715
Q1,392,0.7751697141652713,0.005993853849968796,1805.3,21.391820866864045
Q1,393,0.7751394215139411,0.005993903156608436,1809.9,21.71842535728592
Q1,394,0.7751458197985506,0.005993777962155107,1814.4,21.78623418583395
Q1,395,0.77515720335614,0.005997945235874945,1818.9,21.130309983528402
Q1,396,0.7751287444621664,0.005995238711897491,1823.8,21.2075458268985
Q1,397,0.7751002855681929,0.005983666174555829,1828.7,21.66587178029077
Q1,398,0.7750775184530141,0.0059940329018512584,1833.7,21.033544637079125
Q1,399,0.77506044311663,0.006009124915266167,1838.3,21.279332696304177
Q1,400,0.7750376760014511,0.006038168906058418,1843.1,21.276512872179033
Q2,1,0.2879428751739246,0.0008187612783143783,2.0,0.6324555320336759
Q2,2,0.32891993499605177,0.0007123456584318543,4.0,0.8944271909999159
Q2,3,0.37350471765961213,0.0007160762798324243,6.4,1.019803902718557
Q2,4,0.41811542710863436,0.0008929769276133908,8.1,0.8306623862918076
Q2,5,0.4640997684690917,0.0010279111147062886,10.4,1.2806248474865698
Q2,6,0.5025332388864145,0.002969080063078178,12.7,1.0049875621120892
Q2,7,0.5363631477780827,0.004675535608465428,15.6,1.624807680927192
Q2,8,0.5685662954537292,0.006178111690622119,18.6,1.7435595774162695
Q2,9,0.6015456445628999,0.006373265945918498,21.7,2.0999999999999996
Q2,10,0.6333522014802734,0.0060281182149906345,25.3,2.238302928559939
Q2,11,0.6646088706253666,0.00518147476984182,29.6,2.4979991993593593
Q2,12,0.6938110378645719,0.004871817854802348,34.0,3.0983866769659336
Q2,13,0.7186572003007451,0.00541627541586496,38.2,2.785677655436824
Q2,14,0.7360823151867975,0.007179399682045412,42.0,3.1622776601683795
Q2,15,0.746470938738683,0.010292782952102097,46.7,3.2264531609803355
Q2,16,0.7532976360166226,0.011748076891673153,50.9,3.645545226711637
Q2,17,0.7574210241271631,0.013520277919485348,55.4,3.4985711369071804
Q2,18,0.7613102475479433,0.014337321487642258,60.5,3.7483329627982624
Q2,19,0.7642194530178543,0.01315990203465483,65.5,4.129164564412516
Q2,20,0.7668263829591936,0.01211014765391131,70.4,4.127953488110059
Q2,21,0.769477624625986,0.011505843322826668,74.6,4.715930449020639
Q2,22,0.7734481364682468,0.011122342907345994,79.4,5.083306010855534
Q2,23,0.7786930907614327,0.010975701773061265,83.8,5.344155686354955
Q2,24,0.7849417271332063,0.010406205323856171,87.7,5.292447448959697
Q2,25,0.7940108502706218,0.010898606964994227,92.6,5.40740233383831
Q2,26,0.8053164614609075,0.010298432025535747,97.4,5.043808085167397
Q2,27,0.8178794397657347,0.009628281775325901,102.1,5.048762224545736
Q2,28,0.8315692950185515,0.00890638178723646,106.9,4.867237409455183
Q2,29,0.8453060022599926,0.008084484576176176,111.9,4.887739763939975
Q2,30,0.8561764979987097,0.008770614557910172,117.1,4.7
Q2,31,0.8645244084798284,0.010044870163373076,122.2,4.975942121849892
Q2,32,0.8723993853218968,0.011569600613346756,127.9,4.948737212663449
Q2,33,0.8791238210882568,0.013018811933977003,133.3,5.080354318352215
Q2,34,0.8844985987744559,0.013472722659564697,138.5,5.103920062069938
Q2,35,0.8903006806159854,0.01249406009444679,143.9,5.028916384272063
Q2,36,0.8958231587907595,0.012246060870219061,149.7,5.25452186216786
Q2,37,0.900583264099407,0.011761393995193324,155.4,4.923413450036469
Q2,38,0.9044858953418581,0.010775406713333102,160.9,5.204805471869242
Q2,39,0.9087119259774287,0.009805788101854795,166.4,5.571355310873648
Q2,40,0.9116352457748255,0.009818968720968222,171.7,6.116371473349211
Q2,41,0.9148791389420824,0.009114069603584695,177.1,5.838664230798
Q2,42,0.9177505817455976,0.00857707432082202,182.5,5.714017850864661
Q2,43,0.9198982716296451,0.008047566038860919,188.0,6.06630035524124
Q2,44,0.9225483860448959,0.00841139245628099,193.3,5.692978130996114
Q2,45,0.9254343084005383,0.008488805344985924,198.6,5.782732917920384
Q2,46,0.9282694254927557,0.009179772401539155,204.2,5.617828762075256
Q2,47,0.930116427577777,0.009448568220068846,209.9,5.7523908073078625
Q2,48,0.9316349497433369,0.009287181773483075,215.5,5.80086200490927
Q2,49,0.9337130999881346,0.008316173932220422,221.5,5.80086200490927
Q2,50,0.9347031837383264,0.007207217244295321,227.3,5.675385449465084
Q2,51,0.9340006896690456,0.0073335437366051,233.0,5.744562646538029
Q2,52,0.9342692352705761,0.007354421201231427,238.4,5.5533773507659285
Q2,53,0.93325262163713,0.00799460475593476,244.2,5.473572873361603
Q2,54,0.9337498306563514,0.007874393270103839,250.2,5.473572873361603
Q2,55,0.934030236082284,0.00734749109638376,255.9,5.107837115648854
Q2,56,0.9344613982590524,0.00763538750008407,261.7,4.94064773081425
Q2,57,0.9346971109460815,0.007399346427774558,267.6,4.963869458396342
Q2,58,0.9348257118341905,0.007622541987955659,273.4,4.862098312457287
Q2,59,0.9344069652131909,0.008413305019624841,278.8,4.915282290977803
Q2,60,0.9344213097796787,0.007954622875296864,284.5,4.984977432245807
Q2,61,0.9340966878816552,0.008417667756815456,290.4,4.983974317750844
Q2,62,0.9340351658341783,0.008419253320071029,295.9,4.72122865364515
Q2,63,0.9347716200695025,0.008766912146217892,301.8,4.643274706497559
Q2,64,0.9346436304338456,0.008961380345922358,307.6,4.841487374764082
Q2,65,0.9340144387718897,0.009758478917479305,313.4,4.963869458396342
Q2,66,0.9335085769649754,0.01001206951414785,319.2,4.791659420284375
Q2,67,0.9340604492690604,0.009717034141908191,324.6,5.083306010855534
Q2,68,0.9337131157769434,0.009339962239785171,330.1,4.867237409455183
Q2,69,0.9331427153925682,0.008428744503607187,335.8,5.015974481593781
Q2,70,0.9319652236878783,0.007868593938480321,341.7,4.980963762164908
Q2,71,0.9320669692003684,0.007719719628390737,347.6,4.903060268852505
Q2,72,0.9323161849624311,0.008694870334992284,353.1,5.028916384272063
Q2,73,0.9317032113565965,0.008246127039125422,358.6,5.0635955604688645
Q2,74,0.9314570518567946,0.007668113979280927,364.2,4.66476151587624
Q2,75,0.9315454848009761,0.008317952655737138,369.8,4.66476151587624
Q2,76,0.932011408902965,0.009399570311861363,375.6,4.923413450036469
Q2,77,0.9324895183217204,0.010129589677630675,381.0,5.138093031466052
Q2,78,0.9323077068926544,0.010890724181986,386.5,5.181698563212646
Q2,79,0.9324718714651612,0.010493410558330828,392.2,5.192301994298868
Q2,80,0.9317558345885695,0.010533649217668818,398.0,5.385164807134504
Q2,81,0.9318075765968116,0.00941118428177556,404.0,5.385164807134504
Q2,82,0.9319424407838908,0.008298015502348693,409.8,5.436910887627274
Q2,83,0.933003842409603,0.007330255165460789,415.5,5.886425061104575
Q2,84,0.9332373005935484,0.006175803376142792,421.1,6.187891401761993
Q2,85,0.9337440594130026,0.005650789630737165,426.5,6.119640512317697
Q2,86,0.9343747196076736,0.004737726550418482,432.3,6.050619802962338
Q2,87,0.9346980237474302,0.004984949080184047,437.9,6.090155991434045
Q2,88,0.9351762284195484,0.006044810273778989,443.6,6.248199740725323
Q2,89,0.9348987840025138,0.006726724015916937,449.5,6.264982043070834
Q2,90,0.9347012149953304,0.007088611316066928,454.9,6.171709649683789
Q2,91,0.9355202198893166,0.007038917617736057,460.7,6.0174745533321525
Q2,92,0.9367489376031589,0.0065778328558933055,466.5,6.070420084310475
Q2,93,0.9373962921207637,0.006949405166594495,472.2,6.013318551349164
Q2,94,0.936576390214238,0.007508969805771784,477.8,6.013318551349164
Q2,95,0.9368300752501911,0.007265585243451619,483.8,6.013318551349164
Q2,96,0.936083189990903,0.007216244480820464,489.5,5.903388857258177
Q2,97,0.9360575571201883,0.008028477051179114,494.9,5.717516943569122
Q2,98,0.9352672968802637,0.008274146464736355,500.4,5.4808758424178885
Q2,99,0.9350199148755574,0.00857734722828199,506.0,5.495452665613635
Q2,100,0.9347187665985273,0.008867926677993864,511.9,5.593746508378798
Q2,101,0.9334183102634374,0.00925886946094148,517.5,5.408326913195984
Q2,102,0.9328392968236459,0.00928657915612891,522.8,5.2115256883181535
Q2,103,0.9332966078702187,0.009252765244073176,528.6,5.219195340279955
Q2,104,0.9327187216819691,0.008840913282847557,534.4,5.314132102234569
Q2,105,0.9320701843917369,0.008117652232712583,540.3,5.273518749374084
Q2,106,0.931170176836358,0.008410482059197248,546.0,5.440588203494177
Q2,107,0.9309393541689464,0.008032678056010241,551.4,5.257375771237966
Q2,108,0.9302474021658004,0.00869422737478644,557.0,5.329165037789691
Q2,109,0.9291891520557117,0.008732178126075284,562.6,5.607138307550474
Q2,110,0.9287079308536097,0.00788498445780535,568.2,5.455272678794342
Q2,111,0.9285170458911234,0.007830701055685216,573.9,5.48543526076099
Q2,112,0.9282470872779633,0.007498009698758197,579.7,5.586591089385369
Q2,113,0.9280816049471898,0.008201094118861732,585.1,5.3563046963368315
Q2,114,0.9277727961483689,0.009181071127511412,591.0,5.366563145999495
Q2,115,0.9285008833560877,0.009081724690330908,596.6,5.314132102234569
Q2,116,0.928730959785408,0.008959650245992642,602.2,5.30659966456864
Q2,117,0.9289041184267811,0.00947507740573576,607.8,5.344155686354955
Q2,118,0.9291004649290601,0.008700458512163573,613.3,5.197114584074513
Q2,119,0.9290331003283402,0.008569613751503237,619.2,5.2687759489277965
Q2,120,0.9302390509270039,0.008605972423209617,625.0,5.253570214625479
Q2,121,0.9294584754729514,0.009023680897519527,630.4,5.102940328869229
Q2,122,0.9286888628307615,0.010389368532781855,636.1,4.988987873306568
Q2,123,0.928142968065559,0.011781335864209541,641.7,4.920365840057018
Q2,124,0.9281865732851975,0.012145386318713137,647.4,4.82078831727758
Q2,125,0.9276855062445379,0.013439718181112753,653.0,4.711687595755898
Q2,126,0.9287749857507736,0.013374215708203277,658.7,4.859012245302537
Q2,127,0.9291221287361653,0.011957050278178203,664.4,5.122499389946279
Q2,128,0.928630516242376,0.011794955940492983,670.0,5.157518783291051
Q2,129,0.92964153335039,0.011057305084646446,675.4,5.0635955604688645
Q2,130,0.93094697495846,0.010271200786153453,680.9,4.784349485562274
Q2,131,0.9332399203212736,0.008525256615618997,686.6,4.673328578219168
Q2,132,0.9346974919595319,0.007986579964716894,692.6,4.673328578219168
Q2,133,0.9359872712428473,0.007575121666821314,698.6,4.673328578219168
Q2,134,0.936898051103363,0.007437737700878301,704.3,4.648655719667784
Q2,135,0.9381343896067194,0.007635885054058318,710.0,4.753945729601885
Q2,136,0.9379371063596237,0.008507095083830508,715.6,5.023942674832187
Q2,137,0.9376862473469292,0.00808385949962695,721.4,5.083306010855534
Q2,138,0.9373491146397745,0.007889200754261725,727.1,5.223983154643591
Q2,139,0.9374660064779295,0.007840334792726852,733.0,5.329165037789691
Q2,140,0.9369694087111604,0.007759310748534241,738.7,5.3113086899558
Q2,141,0.9365316577430576,0.0076267599090475945,744.6,5.3516352641038605
Q2,142,0.9373152894593708,0.007159135792510898,750.4,5.4258639865002145
Q2,143,0.9367688786950786,0.006090282757017676,756.1,5.699999999999999
Q2,144,0.9364464160467764,0.005524430576409117,761.7,5.622277118748239
Q2,145,0.9356602440672918,0.005888718866087144,767.5,5.766281297335398
Q2,146,0.9343612959971936,0.006513635547691286,773.4,5.730619512757761
Q2,147,0.9335247950210966,0.007030057636544106,779.0,5.848076606885378
Q2,148,0.9326270419688015,0.007843473588110224,784.8,5.96322060635023
Q2,149,0.9316852629511407,0.008850353892191413,790.4,6.118823416311341
Q2,150,0.9311462824696374,0.009521669016955598,795.9,6.204030947698439
Q2,151,0.9303204982775919,0.01029281255825284,801.5,6.407027391856539
Q2,152,0.930128009796751,0.01095332071180601,807.3,6.419501538281613
Q2,153,0.9287378027592126,0.01149306499532893,812.9,6.315853069855251
Q2,154,0.9282668933842437,0.01099013287259452,818.6,6.343500610861482
Q2,155,0.9280475097955071,0.011324730077588495,824.3,6.0835844697020525
Q2,156,0.927840732269264,0.011325498345119834,830.0,5.848076606885378
Q2,157,0.9274164446439178,0.011172646125767788,835.8,5.5641710972974225
Q2,158,0.9278025488571412,0.010894704405620067,841.3,5.745432968889291
Q2,159,0.9282419985969612,0.0101499964174596,846.8,5.758472019555188
Q2,160,0.9285110204653048,0.009117908114995578,852.6,6.036555309114628
Q2,161,0.92959104542467,0.008019349723720271,858.1,6.0241181927316125
Q2,162,0.930849254030665,0.007714030539467498,863.8,6.193545026880809
Q2,163,0.9334800783387249,0.006628408881601642,869.5,6.00416522091123
Q2,164,0.9354550303271264,0.005719832800888865,875.1,6.204030947698439
Q2,165,0.9365858605499169,0.0051343578348467134,880.8,6.193545026880809
Q2,166,0.936975576756768,0.005265415111498144,886.2,6.241794613730894
Q2,167,0.9373533934069398,0.0052879178324116245,892.0,6.276941930590086
Q2,168,0.9376299805437114,0.005756010679156424,897.7,6.419501538281613
Q2,169,0.9378417988640197,0.005708400304835224,903.4,6.1838499334961226
Q2,170,0.9372092651797155,0.00473586834576012,909.0,6.324555320336759
Q2,171,0.9359768799511601,0.005362049836359706,914.6,6.232174580353152
Q2,172,0.9348366904348617,0.00595441958083565,920.5,6.360031446463139
Q2,173,0.9336818705919882,0.006784971169368339,926.1,6.472248450113762
Q2,174,0.9324745069816949,0.007402529626090359,931.7,6.603786792439623
Q2,175,0.9321646106636094,0.007673683822977627,937.4,6.374950980203691
Q2,176,0.9312315796870042,0.008512065930293671,942.9,6.410148204214938
Q2,177,0.9311448455145399,0.00867768919614617,948.4,6.343500610861482
Q2,178,0.9299929469482875,0.009251326928339238,954.2,6.095900261651268
Q2,179,0.9303816866780448,0.008688426738824289,960.1,6.1065538563088095
Q2,180,0.9316695369506409,0.008835959324114726,965.8,6.2577951388648065
Q2,181,0.9320798610229497,0.009142865735335098,971.2,6.144916598294887
Q2,182,0.9317603196512687,0.009568383273860085,977.1,6.268173577685927
Q2,183,0.9318250884677317,0.009475475850349713,982.5,6.391400472509918
Q2,184,0.9316637896507608,0.009226806308790953,988.1,6.685057965343306
Q2,185,0.9318762589557984,0.007732241671032815,993.8,6.838128398911504
Q2,186,0.9324338627709547,0.007073208377165146,999.6,6.636264009214822
Q2,187,0.9333137387276883,0.006480489528151921,1005.4,6.636264009214822
Q2,188,0.9343706710795103,0.006059575316283073,1011.0,6.587867636800241
Q2,189,0.9348291648987106,0.00551068385858202,1016.8,6.6000000000000005
Q2,190,0.9343788078681138,0.005318208231966323,1022.4,6.374950980203691
Q2,191,0.9331388018500444,0.005106865393466896,1028.1,6.073713855624087
Q2,192,0.9313379849801098,0.005384828301700848,1033.5,6.070420084310475
Q2,193,0.9306165818170882,0.005926575784129609,1039.3,6.116371473349211
Q2,194,0.9301841971354152,0.007961721431404313,1044.8,6.273754856543249
Q2,195,0.9296539249626907,0.00967038159415494,1050.3,5.967411499134277
Q2,196,0.929417180277482,0.011428221005265964,1055.9,6.20403094769844
Q2,197,0.9288069374415437,0.013106170584747955,1061.4,6.216108107168022
Q2,198,0.9289298068185813,0.012903578067906745,1067.1,6.252199612936235
Q2,199,0.9282208747324139,0.012319658948235947,1072.9,6.252199612936235
Q2,200,0.9284762030189985,0.011572061182752788,1078.5,6.34428877022476
Q2,201,0.9290784043196958,0.01093421103447973,1084.1,6.363175307973214
Q2,202,0.9292601204953996,0.010972331557670023,1089.4,6.135144660071187
Q2,203,0.9289261393038682,0.010612435350893979,1094.8,6.241794613730894
Q2,204,0.9282928435926637,0.01029929667564939,1100.1,6.331666447310692
Q2,205,0.9275068065988185,0.009355783119154311,1105.7,6.4815121692395214
Q2,206,0.9269540928032795,0.008907579351413631,1111.1,6.670082458260917
Q2,207,0.9268590313354865,0.00923893023890074,1116.9,6.77421582177598
Q2,208,0.9268939837674319,0.009371954432746781,1122.5,6.800735254367722
Q2,209,0.927284366747821,0.009315662290170074,1128.3,6.603786792439623
Q2,210,0.9272803182196577,0.008774810927605358,1134.0,6.418722614352485
Q2,211,0.9276981678281174,0.008238244241688633,1139.5,6.34428877022476
Q2,212,0.9283996141104105,0.008339628597786747,1144.9,6.549045732013177
Q2,213,0.9280647359063394,0.009661982518591664,1150.4,6.437390775772434
Q2,214,0.9278614353880844,0.010038137414950852,1155.8,6.690291473471093
Q2,215,0.9281198754580154,0.01126620035291983,1161.6,6.8731361109758335
Q2,216,0.9277135046605076,0.011453366056562279,1167.2,6.337191807101944
Q2,217,0.9286193945014061,0.010653743568867346,1172.7,6.0835844697020525
Q2,218,0.9294940946784347,0.010513432035704217,1178.4,6.2
Q2,219,0.9303649368340252,0.009214895237465262,1183.9,6.236184731067547
Q2,220,0.9307296314226138,0.007829686272501052,1189.6,6.327716807822551
Q2,221,0.9318879282734753,0.007038622695906704,1195.3,6.341135544995076
Q2,222,0.9317554138428426,0.007311247032515914,1201.0,5.848076606885378
Q2,223,0.9326502456185162,0.007292289594864937,1206.9,5.85576638878294
Q2,224,0.9333367360818693,0.007430880033512943,1212.5,5.277309920783504
Q2,225,0.9351658213390526,0.00666643615219293,1218.3,5.040833264451424
Q2,226,0.9353201106189619,0.005234605463071953,1223.6,5.063595560468865
Q2,227,0.9361528488269831,0.005405525985334864,1229.4,5.122499389946279
Q2,228,0.9365409217832028,0.00554410143223073,1235.1,4.928488612140643
Q2,229,0.9364214896818763,0.006853106108029147,1241.0,5.0990195135927845
Q2,230,0.9351108722941014,0.00848257658077046,1246.6,5.276362383309167
Q2,231,0.934615782792324,0.010307443278993841,1252.3,5.0803543183522155
Q2,232,0.9339052074555253,0.011710046743603772,1258.0,5.2345009313209605
Q2,233,0.9342463886908433,0.011343554977797056,1263.6,5.407402333838309
Q2,234,0.9343321463862143,0.010822426582483146,1269.5,5.408326913195984
Q2,235,0.934600652255468,0.009532978709145302,1275.5,5.408326913195984
Q2,236,0.9340800251363387,0.008473290844555276,1281.0,5.291502622129181
Q2,237,0.9334061407354793,0.007184399057709669,1286.6,5.370288632839021
Q2,238,0.9320766142539638,0.006691920555250199,1292.5,5.5362442142665635
Q2,239,0.9307532955503323,0.0073060602788731725,1298.2,5.325410782277739
Q2,240,0.9301160465643271,0.009448946710547256,1304.0,5.422176684690384
Q2,241,0.9303425349434878,0.010159608878356763,1309.5,5.371219600798314
Q2,242,0.9303485522146471,0.010816559217724902,1315.0,5.329165037789691
Q2,243,0.931031375163287,0.01011700913427896,1320.9,5.337602458033007
Q2,244,0.9321762641924778,0.008653989957498573,1326.4,5.4626001134990645
Q2,245,0.9325900652727744,0.007666598697626155,1331.9,5.48543526076099
Q2,246,0.9325641466419722,0.006347554376872184,1337.7,5.550675634551167
Q2,247,0.9323127716301881,0.006315050959231101,1343.4,5.276362383309168
Q2,248,0.9327431875688651,0.006494458015152465,1349.2,5.4
Q2,249,0.9328225469796264,0.0058797884132558206,1354.8,5.546169849544819
Q2,250,0.9325779909981791,0.006960569963872794,1360.4,5.589275444992848
Q2,251,0.9327366542986161,0.007753528765232432,1366.0,5.656854249492381
Q2,252,0.9324917570359956,0.008009375539750724,1371.7,5.292447448959697
Q2,253,0.9313027309992679,0.008288437708316146,1377.3,5.23545604508337
Q2,254,0.9299727282509395,0.008870068278507491,1383.3,5.23545604508337
Q2,255,0.929382045493471,0.010357654210392928,1389.0,5.531726674375733
Q2,256,0.929806579146628,0.009866007935480913,1394.6,5.332916650389353
Q2,257,0.9301300737931095,0.009650833570656346,1400.5,5.408326913195984
Q2,258,0.9303120757289008,0.009122835006843634,1406.1,5.262128846769148
Q2,259,0.9293978188603969,0.009235792448164658,1411.6,5.660388679233963
Q2,260,0.9288275137293841,0.009348087845032136,1417.2,5.670978751503131
Q2,261,0.9286646113940586,0.0101793183592122,1423.0,5.916079783099616
Q2,262,0.9281246386466531,0.010484584387823863,1428.5,6.15223536610881
Q2,263,0.9286129091180937,0.010751801413668327,1434.2,6.2257529665093525
Q2,264,0.9300114434509605,0.011159973207345034,1439.9,6.139218191268331
Q2,265,0.9312752088501112,0.010878579955098477,1445.7,6.1489836558572835
Q2,266,0.9329871720301373,0.0097992384361252,1451.4,5.868560300448483
Q2,267,0.9336743292670281,0.00987389898903182,1456.7,5.797413216254298
Q2,268,0.9337817268260359,0.009811982193504609,1462.6,5.71314274283428
Q2,269,0.9346167750582266,0.008884651096263957,1468.4,5.748043145279966
Q2,270,0.9348104860439719,0.009276658836281725,1473.8,5.582114294781145
Q2,271,0.9351702906129427,0.009750388163672574,1479.6,5.660388679233963
Q2,272,0.9351173658320734,0.010198350389564974,1485.1,5.3376024580330075
Q2,273,0.9346740183385382,0.010692912457278011,1490.7,5.496362433464518
Q2,274,0.9342238518146667,0.010720854678495883,1496.2,5.2115256883181535
Q2,275,0.9335688765075479,0.011025076797300472,1501.9,5.575840743780259
Q2,276,0.9326703772171612,0.011888611984842302,1507.4,5.660388679233963
Q2,277,0.9312283329180182,0.012219568130205777,1512.6,6.003332407921453
Q2,278,0.9309308521557016,0.012418699860431245,1518.3,6.245798587850877
Q2,279,0.9299813570951642,0.01191591612432706,1523.7,6.325345840347388
Q2,280,0.9297391508701631,0.010860687705005576,1529.3,6.245798587850877
Q2,281,0.9297142245052632,0.010073561267828157,1534.6,6.590902821313632
Q2,282,0.9302432344408066,0.009060482545235893,1540.6,6.590902821313632
Q2,283,0.9314025235575707,0.008554194679376294,1545.6,6.78527818147495
Q2,284,0.9315904475111587,0.008091839036197302,1551.0,6.81175454637056
Q2,285,0.9317023540763337,0.007573094412637499,1556.5,7.102816342831906
Q2,286,0.9322138124086802,0.006904489980688797,1562.2,7.236021006050217
Q2,287,0.9328956986125034,0.008355484026987995,1567.8,7.138627319029899
Q2,288,0.9332131204667402,0.008769301678908159,1573.7,7.142128534267639
Q2,289,0.9337316835895111,0.00871771130685151,1579.1,7.354590403278758
Q2,290,0.9334459118771481,0.009034668908650885,1584.7,7.014983962918233
Q2,291,0.9331120259389791,0.009889795256350828,1590.5,7.060453243241541
Q2,292,0.9331362060657875,0.010023852306669717,1596.2,7.180529228406497
Q2,293,0.9345701135763271,0.009371499119671332,1601.8,6.838128398911504
Q2,294,0.9341745150839564,0.009083399598477615,1607.8,6.838128398911504
Q2,295,0.9349791754114545,0.009064110695280521,1613.6,6.8
Q2,296,0.9349071112978423,0.008677734523530893,1619.3,6.870953354520754
Q2,297,0.9349886299583249,0.00918428841279136,1625.1,6.729784543356496
Q2,298,0.9352018612902627,0.009737730568154468,1631.0,6.708203932499369
Q2,299,0.9347671665844208,0.009680997878827365,1636.7,6.768308503607087
Q2,300,0.9343265498607822,0.00829547482467102,1642.3,6.8854919940408035
Q2,301,0.9335956921508901,0.007125642558428467,1647.9,7.189575787207476
Q2,302,0.9337660645012811,0.0071540290711954255,1653.7,7.470609078247905
Q2,303,0.9321412720282553,0.008035167995005704,1659.2,7.372923436466705
Q2,304,0.9320122901266961,0.008569750323132503,1665.0,7.307530362578044
Q2,305,0.9314054290453834,0.009472187201592926,1670.9,7.449161026585478
Q2,306,0.9304238075761596,0.01089623595930876,1676.9,7.449161026585478
Q2,307,0.929970354551025,0.012194922494307934,1682.7,7.2532751223154355
Q2,308,0.9309187223600203,0.011218834026549251,1688.6,7.405403432629448
Q2,309,0.9319256512075942,0.010897887088997374,1694.3,7.349149610669251
Q2,310,0.9325811027815256,0.01128124262624619,1699.6,6.726068688320095
Q2,311,0.9322550678718725,0.010879455552444954,1705.4,6.575712889109439
Q2,312,0.9323463268393131,0.010145190933589676,1711.2,6.794115100585212
Q2,313,0.9330822095544618,0.008747846825867576,1717.0,6.708203932499369
Q2,314,0.9341696647966158,0.008277228028137955,1722.4,6.590902821313633
Q2,315,0.9345921741856913,0.008644099561037332,1727.8,6.794115100585212
Q2,316,0.9347139163111869,0.009588239299915148,1732.9,7.2725511342306834
Q2,317,0.9353260484255672,0.010196389087477243,1738.4,6.8
Q2,318,0.9353027255790218,0.010952673163738009,1744.3,6.783067152844648
Q2,319,0.9348050958140733,0.011730156557587407,1749.7,7.057619995437555
Q2,320,0.9353175464123223,0.012845839100075203,1755.5,6.917369442208505
Q2,321,0.9359248282393624,0.012903052200451397,1761.3,7.014983962918233
Q2,322,0.9356610774040865,0.013904769704566623,1767.0,7.0285133563222315
Q2,323,0.9351373385016108,0.014996022385169023,1772.4,7.3647810558087885
Q2,324,0.9339089462801329,0.014611847742700655,1777.3,7.294518489934753
Q2,325,0.9330866946171609,0.013155623747900174,1783.3,7.294518489934753
Q2,326,0.9327751947807208,0.011851748496730468,1788.9,7.340980860893183
Q2,327,0.9320919908186308,0.010700678675383258,1794.4,7.631513611335566
Q2,328,0.9322733259808842,0.010153510631469367,1800.1,7.7
Q2,329,0.9319662954183345,0.010058707537438944,1805.6,7.72269383052313
Q2,330,0.9325929070848421,0.00959526472804322,1810.8,7.493997598078077
Q2,331,0.9330746840183106,0.009286867282761981,1816.5,7.297259759663212
Q2,332,0.9329777332720756,0.008659168265172837,1822.0,7.602631123499285
Q2,333,0.9326585729138447,0.008427782872425496,1827.7,7.655716818169282
Q2,334,0.9328238250056163,0.009085256976657434,1833.1,7.23118247591637
Q2,335,0.9328404795962735,0.009654520860042853,1838.9,6.920260110718383
Q2,336,0.9332331170797458,0.010533266232484205,1844.7,6.797793759742936
Q2,337,0.9326893418319875,0.010704346171819546,1850.2,6.749814812274482
Q2,338,0.932319280956969,0.009896723978498806,1855.4,6.8
Q2,339,0.9321851232757046,0.009616961976570708,1861.2,6.675327707311455
Q2,340,0.9323152324288057,0.009430446618370796,1867.2,6.675327707311455
Q2,341,0.9315562968383903,0.009468777719945655,1873.1,6.670082458260917
Q2,342,0.9314329114622633,0.009630101426335535,1878.9,6.456779382943171
Q2,343,0.9307448174805557,0.01020082381396345,1884.4,6.327716807822551
Q2,344,0.9305306494038008,0.010713412545412982,1889.8,6.368673331236264
Q2,345,0.9312036923132059,0.00849917633809535,1895.4,6.118823416311342
Q2,346,0.9324395148174724,0.007389998506439462,1901.3,6.1
Q2,347,0.9322204964533771,0.00696066070847016,1906.9,6.34744042902334
Q2,348,0.9332732850236732,0.00677806848305703,1912.6,6.437390775772434
Q2,349,0.9336244765372281,0.00717706951158268,1918.0,6.587867636800241
Q2,350,0.9334131742160092,0.007467744383751135,1923.7,6.8854919940408035
Q2,351,0.9328475288656118,0.008104032590801242,1929.3,6.9
Q2,352,0.9333240902870987,0.008737707467431256,1934.9,7.217340230306452
Q2,353,0.9324538593839602,0.00962464078609943,1940.4,7.472616676907762
Q2,354,0.9330505038915025,0.009409475089208152,1946.3,7.537240874484508
Q2,355,0.933026133257969,0.009044278583183766,1951.9,7.300000000000001
Q2,356,0.9328063131346965,0.008489868926193944,1957.6,7.158212067269312
Q2,357,0.93249744881479,0.007934980020269615,1963.3,7.142128534267639
Q2,358,0.9322564650946934,0.00875919608239138,1969.0,6.971370023173351
Q2,359,0.9318892302429337,0.009772480748238742,1974.7,7.128113354878695
Q2,360,0.932211732623513,0.010055620368212536,1980.3,7.1000000000000005
Q2,361,0.9327329312628174,0.009742534529660556,1985.7,7.014983962918233
Q2,362,0.933805525939394,0.008718907203896023,1991.1,6.729784543356496
Q2,363,0.9342315123364573,0.008836166098990237,1997.0,6.6932802122726045
Q2,364,0.9341780715564981,0.0086859342843991,2002.7,6.649060083951716
Q2,365,0.9331538768658152,0.007842108805992213,2008.3,6.649060083951716
Q2,366,0.932553795082562,0.007013390032113254,2014.2,6.523802572120037
Q2,367,0.9335248347533737,0.005823175539651008,2019.7,6.664082832618455
Q2,368,0.9340579884704429,0.004763622142241891,2025.4,6.636264009214824
Q2,369,0.9349671250803272,0.005207816736419532,2031.1,6.788961628997472
Q2,370,0.9352507772752461,0.0052919666935779906,2036.8,6.569627082262737
Q2,371,0.9358192486489022,0.005483912834420552,2042.5,6.5306967469022785
Q2,372,0.9351276221381211,0.006421603131561305,2048.4,6.359245238233858
Q2,373,0.934663476272403,0.007354615705386319,2053.9,6.378871373526825
Q2,374,0.9345081947265912,0.006721433029104928,2059.6,6.452906321960671
Q2,375,0.9339576004484966,0.0074367115634484645,2065.2,6.539113089708726
Q2,376,0.9345971039375858,0.007664164535362389,2070.8,6.477653896280659
Q2,377,0.9348386989101346,0.007367873210462761,2076.4,6.359245238233858
Q2,378,0.9340768023108208,0.007485530544492504,2081.9,6.300000000000001
Q2,379,0.9335181664974852,0.007975764233277512,2087.6,6.216108107168021
Q2,380,0.9332026736539676,0.008944715599411826,2093.5,6.2809234989768825
Q2,381,0.9331617039508627,0.009534799492801109,2099.3,6.1163714733492105
Q2,382,0.9337404316305667,0.010011105019831568,2105.2,6.337191807101943
Q2,383,0.9341570587341221,0.009659462436032697,2110.8,6.321392251711643
Q2,384,0.9341740388171436,0.008984917766469877,2116.1,6.331666447310692
Q2,385,0.93381413899481,0.008316731376678542,2121.5,6.51536645170477
Q2,386,0.934081938358249,0.008307988102182974,2127.3,6.4039050586341455
Q2,387,0.9342268683446505,0.009176777580499123,2133.1,6.315853069855251
Q2,388,0.9346669690691997,0.009046889221787358,2138.6,5.96992462263972
Q2,389,0.9354579358149392,0.008631935059141376,2144.2,5.741080037762929
Q2,390,0.9353559600634471,0.007708795779985709,2149.9,5.664803615307418
Q2,391,0.9352910007402592,0.0077631383958076915,2155.8,5.688585061331156
Q2,392,0.9339957201848744,0.008332428670660795,2161.3,5.514526271584894
Q2,393,0.9323009831156804,0.009087557803561342,2167.1,5.629387178015028
Q2,394,0.9323919563230334,0.00929125145679489,2172.6,5.571355310873647
Q2,395,0.9317878260116169,0.009948616296720813,2178.0,5.60357029044876
Q2,396,0.9317378225073689,0.009645394444410295,2183.5,5.748912940721924
Q2,397,0.9313187503940046,0.009376747090855928,2189.1,5.8898217290508885
Q2,398,0.9314800492109754,0.008198503925498899,2195.0,5.882176467941097
Q2,399,0.9309795934227681,0.007300677559836754,2200.6,5.748043145279966
Q2,400,0.9313244819050761,0.006452784033866931,2206.2,5.963220606350228
