series,environment_steps,learning_episode,raw_value,three_point_smoothed_value
Q2,25600,1.0,135869.0,144056.9140625
Q2,76800,3.0,152244.828125,154301.63541666666
Q2,128000,5.0,174791.078125,171454.53125
Q2,179200,7.0,187327.6875,189133.24479166666
Q2,230400,9.0,205280.96875,201710.40625
Q2,281600,11.0,212522.5625,211514.671875
Q2,332800,13.0,216740.484375,216247.96875
Q2,384000,15.0,219480.859375,220190.96875
Q2,435200,17.0,224351.5625,224843.38020833334
Q2,486400,19.0,230697.71875,230672.125
Q2,537600,21.0,236967.09375,234791.61458333334
Q2,588800,23.0,236710.03125,238034.41666666666
Q2,640000,25.0,240426.125,240572.640625
Q2,691200,27.0,244581.765625,242320.890625
Q2,742400,29.0,241954.78125,246044.15625
Q2,793600,31.0,251595.921875,247944.16666666666
Q2,844800,33.0,250281.796875,252539.59895833334
Q2,896000,35.0,255741.078125,254830.73958333334
Q2,947200,37.0,258469.34375,258907.27604166666
Q2,998400,39.0,262511.40625,263430.5520833333
Q2,1049600,41.0,269310.90625,267986.59375
Q2,1100800,43.0,272137.46875,273650.9479166667
Q2,1152000,45.0,279504.46875,277069.84375
Q2,1203200,47.0,279567.59375,281229.5104166667
Q2,1254400,49.0,284616.46875,284664.5625
Q2,1305600,51.0,289809.625,289717.1979166667
Q2,1356800,53.0,294725.5,295132.7291666667
Q2,1408000,55.0,300863.0625,299136.5729166667
Q2,1459200,57.0,301821.15625,303153.5520833333
Q2,1510400,59.0,306776.4375,305710.0
Q2,1561600,61.0,308532.40625,309648.875
Q2,1612800,63.0,313637.78125,313800.2916666667
Q2,1664000,65.0,319230.6875,317840.4583333333
Q2,1715200,67.0,320652.90625,320738.3333333333
Q2,1766400,69.0,322331.40625,323745.375
Q2,1817600,71.0,328251.8125,327405.65625
Q2,1868800,73.0,331633.75,331354.3229166667
Q2,1920000,75.0,334177.40625,334233.6354166667
Q2,1971200,77.0,336889.75,337633.6979166667
Q2,2022400,79.0,341833.9375,341287.5208333333
Q2,2073600,81.0,345138.875,345306.5208333333
Q2,2124800,83.0,348946.75,348732.1979166667
Q2,2176000,85.0,352110.96875,351543.65625
Q2,2227200,87.0,353573.25,353009.4270833333
Q2,2278400,89.0,353344.0625,354287.90625
Q2,2329600,91.0,355946.40625,357905.4791666667
Q2,2380800,93.0,364425.96875,361586.28125
Q2,2432000,95.0,364386.46875,365667.1354166667
Q2,2483200,97.0,368188.96875,367950.9791666667
Q2,2534400,99.0,371277.5,370680.5416666667
Q2,2585600,101.0,372575.15625,372155.4895833333
Q2,2636800,103.0,372613.8125,373139.2395833333
Q2,2688000,105.0,374228.75,373562.46875
Q2,2739200,107.0,373844.84375,374597.59375
Q2,2790400,109.0,375719.1875,375058.6666666667
Q2,2841600,111.0,375611.96875,375226.8541666667
Q2,2892800,113.0,374349.40625,378796.7708333333
Q2,2944000,115.0,386428.9375,381876.0520833333
Q2,2995200,117.0,384849.8125,385632.6979166667
Q2,3046400,119.0,385619.34375,387612.6041666667
Q2,3097600,121.0,392368.65625,390432.1354166667
Q2,3148800,123.0,393308.40625,394130.9375
Q2,3200000,125.0,396715.75,396462.3125
Q2,3251200,127.0,399362.78125,400498.2604166667
Q2,3302400,129.0,405416.25,402895.65625
Q2,3353600,131.0,403907.9375,404720.5208333333
Q2,3404800,133.0,404837.375,404344.3020833333
Q2,3456000,135.0,404287.59375,405133.71875
Q2,3507200,137.0,406276.1875,407145.34375
Q2,3558400,139.0,410872.25,409005.7291666667
Q2,3609600,141.0,409868.75,409956.1458333333
Q2,3660800,143.0,409127.4375,410381.78125
Q2,3712000,145.0,412149.15625,411590.0208333333
Q2,3763200,147.0,413493.46875,413519.3333333333
Q2,3814400,149.0,414915.375,414360.5833333333
Q2,3865600,151.0,414672.90625,415158.75
Q2,3916800,153.0,415887.96875,416059.46875
Q2,3968000,155.0,417617.53125,416701.0416666667
Q2,4019200,157.0,416597.625,417545.6041666667
Q2,4070400,159.0,418421.65625,418527.3645833333
Q2,4121600,161.0,420562.8125,420575.0
Q2,4172800,163.0,422740.53125,422958.8333333333
Q2,4224000,165.0,425573.15625,424750.4895833333
Q2,4275200,167.0,425937.78125,424878.71875
Q2,4326400,169.0,423125.21875,424034.8958333333
Q2,4377600,171.0,423041.6875,423543.9166666667
Q2,4428800,173.0,424464.84375,423989.1979166667
Q2,4480000,175.0,424461.0625,424812.8020833333
Q2,4531200,177.0,425512.5,425817.0208333333
Q2,4582400,179.0,427477.5,426711.5
Q2,4633600,181.0,427144.5,429612.9895833333
Q2,4684800,183.0,434216.96875,431122.3645833333
Q2,4736000,185.0,432005.625,432617.2708333333
Q2,4787200,187.0,431629.21875,431798.4479166667
Q2,4838400,189.0,431760.5,430668.09375
Q2,4889600,191.0,428614.5625,431018.2708333333
Q2,4940800,193.0,432679.75,431478.4375
Q2,4992000,195.0,433141.0,434151.2083333333
Q2,5043200,197.0,436632.875,434749.0104166667
Q2,5094400,199.0,434473.15625,435634.9791666667
Q2,5145600,201.0,435798.90625,435721.9895833333
Q2,5196800,203.0,436893.90625,436289.6770833333
Q2,5248000,205.0,436176.21875,435842.5729166667
Q2,5299200,207.0,434457.59375,435235.2083333333
Q2,5350400,209.0,435071.8125,435183.0
Q2,5401600,211.0,436019.59375,436409.5416666667
Q2,5452800,213.0,438137.21875,437421.5729166667
Q2,5504000,215.0,438107.90625,438680.9375
Q2,5555200,217.0,439797.6875,439422.34375
Q2,5606400,219.0,440361.4375,441938.1145833333
Q2,5657600,221.0,445655.21875,442514.8020833333
Q2,5708800,223.0,441527.75,444768.2708333333
Q2,5760000,225.0,447121.84375,443938.1979166667
Q2,5811200,227.0,443165.0,443693.6145833333
Q2,5862400,229.0,440794.0,441540.9375
Q2,5913600,231.0,440663.8125,441354.0208333333
Q2,5964800,233.0,442604.25,441564.0416666667
Q2,6016000,235.0,441424.0625,442459.6354166667
Q2,6067200,237.0,443350.59375,442033.46875
Q2,6118400,239.0,441325.75,443214.4583333333
Q2,6169600,241.0,444967.03125,444076.1979166667
Q2,6220800,243.0,445935.8125,445924.0833333333
Q2,6272000,245.0,446869.40625,446976.9791666667
Q2,6323200,247.0,448125.71875,447973.9895833333
Q2,6374400,249.0,448926.84375,448787.9583333333
Q2,6425600,251.0,449311.3125,449653.9583333333
Q2,6476800,253.0,450723.71875,450721.4166666667
Q2,6528000,255.0,452129.21875,450434.9895833333
Q2,6579200,257.0,448452.03125,449159.8541666667
Q2,6630400,259.0,446898.3125,448056.375
Q2,6681600,261.0,448818.78125,449340.5833333333
Q2,6732800,263.0,452304.65625,450925.34375
Q2,6784000,265.0,451652.59375,452822.3541666667
Q2,6835200,267.0,454509.8125,450810.0104166667
Q2,6886400,269.0,446267.625,450566.6770833333
Q2,6937600,271.0,450922.59375,448725.78125
Q2,6988800,273.0,448987.125,450696.9166666667
Q2,7040000,275.0,452181.03125,450408.875
Q2,7091200,277.0,450058.46875,451300.9583333333
Q2,7142400,279.0,451663.375,449696.0520833333
Q2,7193600,281.0,447366.3125,450137.2604166667
Q2,7244800,283.0,451382.09375,450351.3020833333
Q2,7296000,285.0,452305.5,452160.9895833333
Q2,7347200,287.0,452795.375,451800.6041666667
Q2,7398400,289.0,450300.9375,453012.6354166667
Q2,7449600,291.0,455941.59375,453109.125
Q2,7500800,293.0,453084.84375,455849.4895833333
Q2,7552000,295.0,458522.03125,455693.5833333333
Q2,7603200,297.0,455473.875,459808.2604166667
Q2,7654400,299.0,465428.875,461761.2708333333
Q2,7705600,301.0,464381.0625,462533.7291666667
Q2,7756800,303.0,457791.25,462062.6458333333
Q2,7808000,305.0,464015.625,461697.6458333333
Q2,7859200,307.0,463286.0625,464295.0833333333
Q2,7910400,309.0,465583.5625,464678.4270833333
Q2,7961600,311.0,465165.65625,465573.1979166667
Q2,8012800,313.0,465970.375,462411.21875
Q2,8064000,315.0,456097.625,460555.6770833333
Q2,8115200,317.0,459599.03125,459628.4583333333
Q2,8166400,319.0,463188.71875,464246.6979166667
Q2,8217600,321.0,469952.34375,467172.9270833333
Q2,8268800,323.0,468377.71875,468134.8958333333
Q2,8320000,325.0,466074.625,465885.8958333333
Q2,8371200,327.0,463205.34375,465421.3333333333
Q2,8422400,329.0,466984.03125,464764.3333333333
Q2,8473600,331.0,464103.625,465584.6041666667
Q2,8524800,333.0,465666.15625,466019.4270833333
Q2,8576000,335.0,468288.5,465885.3645833333
Q2,8627200,337.0,463701.4375,466667.0729166667
Q2,8678400,339.0,468011.28125,466078.1458333333
Q2,8729600,341.0,466521.71875,467113.1458333333
Q2,8780800,343.0,466806.4375,464959.0416666667
Q2,8832000,345.0,461548.96875,463193.9479166667
Q2,8883200,347.0,461226.4375,462984.21875
Q2,8934400,349.0,466177.25,464725.9895833333
Q2,8985600,351.0,466774.28125,464654.7395833333
Q2,9036800,353.0,461012.6875,462343.25
Q2,9088000,355.0,459242.78125,459941.7083333333
Q2,9139200,357.0,459569.65625,461997.3541666667
Q2,9190400,359.0,467179.625,464152.96875
Q2,9241600,361.0,465709.625,465264.4270833333
Q2,9292800,363.0,462904.03125,464035.6979166667
Q2,9344000,365.0,463493.4375,463577.9270833333
Q2,9395200,367.0,464336.3125,464674.71875
Q2,9446400,369.0,466194.40625,465060.5520833333
Q2,9497600,371.0,464650.9375,463899.1770833333
Q2,9548800,373.0,460852.1875,465097.4270833333
Q2,9600000,375.0,469789.15625,466841.375
Q2,9651200,377.0,469882.78125,468374.9791666667
Q2,9702400,379.0,465453.0,465905.375
Q2,9753600,381.0,462380.34375,463956.8020833333
Q2,9804800,383.0,464037.0625,463581.4375
Q2,9856000,385.0,464326.90625,464732.25
Q2,9907200,387.0,465832.78125,467966.1354166667
Q2,9958400,389.0,473738.71875,469869.28125
Q2,10009600,391.0,470036.34375,471913.3645833333
Q2,10060800,393.0,471965.03125,473754.8541666667
Q2,10112000,395.0,479263.1875,473131.2916666667
Q2,10163200,397.0,468165.65625,474397.2708333333
Q2,10214400,399.0,475762.96875,472152.7604166667
Q2,10265600,401.0,472529.65625,473805.8541666667
Q2,10316800,403.0,473124.9375,472953.625
Q2,10368000,405.0,473206.28125,474427.5104166667
Q2,10419200,407.0,476951.3125,475834.9479166667
Q2,10470400,409.0,477347.25,476346.7916666667
Q2,10521600,411.0,474741.8125,473744.8020833333
Q2,10572800,413.0,469145.34375,472465.2916666667
Q2,10624000,415.0,473508.71875,471982.9166666667
Q2,10675200,417.0,473294.6875,475653.5416666667
Q2,10726400,419.0,480157.21875,476704.9375
Q2,10777600,421.0,476662.90625,478318.3645833333
Q2,10828800,423.0,478134.96875,477678.625
Q2,10880000,425.0,478238.0,479380.1770833333
Q2,10931200,427.0,481767.5625,479851.1354166667
Q2,10982400,429.0,479547.84375,480933.34375
Q2,11033600,431.0,481484.625,479247.6145833333
Q2,11084800,433.0,476710.375,480023.6979166667
Q2,11136000,435.0,481876.09375,481072.1770833333
Q2,11187200,437.0,484630.0625,482452.5520833333
Q2,11238400,439.0,480851.5,483897.15625
Q2,11289600,441.0,486209.90625,482003.0104166667
Q2,11340800,443.0,478947.625,480798.9166666667
Q2,11392000,445.0,477239.21875,478621.0729166667
Q2,11443200,447.0,479676.375,477779.4270833333
Q2,11494400,449.0,476422.6875,478330.6666666667
Q2,11545600,451.0,478892.9375,477477.21875
Q2,11596800,453.0,477116.03125,476321.71875
Q2,11648000,455.0,472956.1875,477306.40625
Q2,11699200,457.0,481847.0,477624.3854166667
Q2,11750400,459.0,478069.96875,478792.5416666667
Q2,11801600,461.0,476460.65625,477463.8854166667
Q2,11852800,463.0,477861.03125,474447.375
Q2,11904000,465.0,469020.4375,475498.3125
Q2,11955200,467.0,479613.46875,474539.9479166667
Q2,12006400,469.0,474985.9375,475535.7395833333
Q2,12057600,471.0,472007.8125,474065.7708333333
Q2,12108800,473.0,475203.5625,474123.1770833333
Q2,12160000,475.0,475158.15625,475284.2604166667
Q2,12211200,477.0,475491.0625,474999.71875
Q2,12262400,479.0,474349.9375,475019.1458333333
Q2,12313600,481.0,475216.4375,474986.1145833333
Q2,12364800,483.0,475391.96875,474897.25
Q2,12416000,485.0,474083.34375,473013.34375
Q2,12467200,487.0,469564.71875,471806.3854166667
Q2,12518400,489.0,471771.09375,471426.25
Q2,12569600,491.0,472942.9375,473063.4166666667
Q2,12620800,493.0,474476.21875,473258.1354166667
Q2,12672000,495.0,472355.25,475212.15625
Q2,12723200,497.0,478805.0,478930.1041666667
Q2,12774400,499.0,485630.0625,480818.96875
Q2,12825600,501.0,478021.84375,480037.1770833333
Q2,12876800,503.0,476459.625,476961.9375
Q2,12928000,505.0,476404.34375,477825.75
Q2,12979200,507.0,480613.28125,477085.3229166667
Q2,13030400,509.0,474238.34375,478088.7291666667
Q2,13081600,511.0,479414.5625,477917.15625
Q2,13132800,513.0,480098.5625,481186.0416666667
Q2,13184000,515.0,484045.0,481995.8645833333
Q2,13235200,517.0,481844.03125,481313.65625
Q2,13286400,519.0,478051.9375,479523.65625
Q2,13337600,521.0,478675.0,478508.09375
Q2,13388800,523.0,478797.34375,478722.3229166667
Q2,13440000,525.0,478694.625,477902.5625
Q2,13491200,527.0,476215.71875,476983.0
Q2,13542400,529.0,476038.65625,474945.4479166667
Q2,13593600,531.0,472581.96875,474828.3229166667
Q2,13644800,533.0,475864.34375,475033.71875
Q2,13696000,535.0,476654.84375,478146.4895833333
Q2,13747200,537.0,481920.28125,481910.34375
Q2,13798400,539.0,487155.90625,486800.78125
Q2,13849600,541.0,491326.15625,486143.8125
Q2,13900800,543.0,479949.375,483298.5625
Q2,13952000,545.0,478620.15625,480907.9583333333
Q2,14003200,547.0,484154.34375,481274.0
Q2,14054400,549.0,481047.5,483237.6458333333
Q2,14105600,551.0,484511.09375,484186.53125
Q2,14156800,553.0,487001.0,485476.5520833333
Q2,14208000,555.0,484917.5625,484447.65625
Q2,14259200,557.0,481424.40625,483329.8020833333
Q2,14310400,559.0,483647.4375,482202.2083333333
Q2,14361600,561.0,481534.78125,481872.2083333333
Q2,14412800,563.0,480434.40625,479899.5520833333
Q2,14464000,565.0,477729.46875,481137.4166666667
Q2,14515200,567.0,485248.375,481178.25
Q2,14566400,569.0,480556.90625,482835.9791666667
Q2,14617600,571.0,482702.65625,483854.65625
Q2,14668800,573.0,488304.40625,484022.2708333333
Q2,14720000,575.0,481059.75,485699.5729166667
Q2,14771200,577.0,487734.5625,483755.3229166667
Q2,14822400,579.0,482471.65625,483827.9791666667
Q2,14873600,581.0,481277.71875,481733.4479166667
Q2,14924800,583.0,481450.96875,481526.0729166667
Q2,14976000,585.0,481849.53125,479777.125
Q2,15027200,587.0,476030.875,477416.8333333333
Q2,15078400,589.0,474370.09375,476886.3854166667
Q2,15129600,591.0,480258.1875,478601.7395833333
Q2,15180800,593.0,481176.9375,480405.4791666667
Q2,15232000,595.0,479781.3125,481301.1666666667
Q2,15283200,597.0,482945.25,480440.7708333333
Q2,15334400,599.0,478595.75,482749.4479166667
Q2,15385600,601.0,486707.34375,482723.6041666667
Q2,15436800,603.0,482867.71875,482317.6145833333
Q2,15488000,605.0,477377.78125,481967.3229166667
Q2,15539200,607.0,485656.46875,482750.65625
Q2,15590400,609.0,485217.71875,484185.2395833333
Q2,15641600,611.0,481681.53125,482524.4895833333
Q2,15692800,613.0,480674.21875,483010.8854166667
Q2,15744000,615.0,486676.90625,484074.125
Q2,15795200,617.0,484871.25,486267.7395833333
Q2,15846400,619.0,487255.0625,485489.0729166667
Q2,15897600,621.0,484340.90625,484181.2708333333
Q2,15948800,623.0,480947.84375,482654.5520833333
Q2,16000000,625.0,482674.90625,481393.2604166667
Q2,16051200,627.0,480557.03125,481909.3645833333
Q2,16102400,629.0,482496.15625,481891.5208333333
Q2,16153600,631.0,482621.375,481513.1875
Q2,16204800,633.0,479422.03125,480510.4270833333
Q2,16256000,635.0,479487.875,481254.90625
Q2,16307200,637.0,484854.8125,482118.09375
Q2,16358400,639.0,482011.59375,481799.2708333333
Q2,16409600,641.0,478531.40625,482004.2291666667
Q2,16460800,643.0,485469.6875,482429.7604166667
Q2,16512000,645.0,483288.1875,485712.46875
Q2,16563200,647.0,488379.53125,485538.21875
Q2,16614400,649.0,484946.9375,487292.5104166667
Q2,16665600,651.0,488551.0625,487171.6145833333
Q2,16716800,653.0,488016.84375,487311.2395833333
Q2,16768000,655.0,485365.8125,486569.46875
Q2,16819200,657.0,486325.75,485408.4375
Q2,16870400,659.0,484533.75,485800.0625
Q2,16921600,661.0,486540.6875,482317.65625
Q2,16972800,663.0,475878.53125,479847.5
Q2,17024000,665.0,477123.28125,476732.7916666667
Q2,17075200,667.0,477196.5625,480573.3333333333
Q2,17126400,669.0,487400.15625,480886.15625
Q2,17177600,671.0,478061.75,480586.6145833333
Q2,17228800,673.0,476297.9375,479551.9166666667
Q2,17280000,675.0,484296.0625,480764.7083333333
Q2,17331200,677.0,481700.125,482824.1145833333
Q2,17382400,679.0,482476.15625,485011.5104166667
Q2,17433600,681.0,490858.25,488665.3854166667
Q2,17484800,683.0,492661.75,489871.5208333333
Q2,17536000,685.0,486094.5625,489397.84375
Q2,17587200,687.0,489437.21875,485718.21875
Q2,17638400,689.0,481622.875,486689.6666666667
Q2,17689600,691.0,489008.90625,483775.96875
Q2,17740800,693.0,480696.125,484485.5625
Q2,17792000,695.0,483751.65625,483238.0833333333
Q2,17843200,697.0,485266.46875,481978.8333333333
Q2,17894400,699.0,476918.375,480967.9166666667
Q2,17945600,701.0,480718.90625,481055.8541666667
Q2,17996800,703.0,485530.28125,481111.4375
Q2,18048000,705.0,477085.125,482028.7083333333
Q2,18099200,707.0,483470.71875,479734.8229166667
Q2,18150400,709.0,478648.625,484129.0625
Q2,18201600,711.0,490267.84375,487181.3125
Q2,18252800,713.0,492627.46875,487899.1875
Q2,18304000,715.0,480802.25,485437.1770833333
Q2,18355200,717.0,482881.8125,483914.1145833333
Q2,18406400,719.0,488058.28125,485588.0729166667
Q2,18457600,721.0,485824.125,487862.4791666667
Q2,18508800,723.0,489705.03125,487997.3541666667
Q2,18560000,725.0,488462.90625,488776.75
Q2,18611200,727.0,488162.3125,487881.0625
Q2,18662400,729.0,487017.96875,487170.8645833333
Q2,18713600,731.0,486332.3125,485357.46875
Q2,18764800,733.0,482722.125,482714.4375
Q2,18816000,735.0,479088.875,478615.6458333333
Q2,18867200,737.0,474035.9375,477596.78125
Q2,18918400,739.0,479665.53125,476605.2083333333
Q2,18969600,741.0,476114.15625,476837.09375
Q2,19020800,743.0,474731.59375,477809.3958333333
Q2,19072000,745.0,482582.4375,478892.1979166667
Q2,19123200,747.0,479362.5625,481712.65625
Q2,19174400,749.0,483192.96875,481806.5833333333
Q2,19225600,751.0,482864.21875,484750.6770833333
Q2,19276800,753.0,488194.84375,485116.5729166667
Q2,19328000,755.0,484290.65625,488115.7083333333
Q2,19379200,757.0,491861.625,485731.6770833333
Q2,19430400,759.0,481042.75,486227.5104166667
Q2,19481600,761.0,485778.15625,481855.65625
Q2,19532800,763.0,478746.0625,481832.1354166667
Q2,19584000,765.0,480972.1875,483184.2083333333
Q2,19635200,767.0,489834.375,486310.9166666667
Q2,19686400,769.0,488126.1875,487847.4375
Q2,19737600,771.0,485581.75,486021.8541666667
Q2,19788800,773.0,484357.625,483960.9791666667
Q2,19840000,775.0,481943.5625,484286.3020833333
Q2,19891200,777.0,486557.71875,484015.4791666667
Q2,19942400,779.0,483545.15625,486483.84375
Q2,19993600,781.0,489348.65625,490040.9375
Q2,20044800,783.0,497229.0,493686.7395833333
Q2,20096000,785.0,494482.5625,492208.3541666667
Q2,20147200,787.0,484913.5,488314.09375
Q2,20198400,789.0,485546.21875,484046.4895833333
Q2,20249600,791.0,481679.75,480326.4166666667
Q2,20300800,793.0,473753.28125,474088.375
Q2,20352000,795.0,466832.09375,468672.9479166667
Q2,20403200,797.0,465433.46875,469919.5
Q2,20454400,799.0,477492.9375,474398.84375
Q2,20505600,801.0,480270.125,480082.3229166667
Q2,20556800,803.0,482483.90625,483478.2604166667
Q2,20608000,805.0,487680.75,484668.2083333333
Q2,20659200,807.0,483839.96875,486372.40625
Q2,20710400,809.0,487596.5,484147.59375
Q2,20761600,811.0,481006.3125,485982.0104166667
Q2,20812800,813.0,489343.21875,488485.65625
Q2,20864000,815.0,495107.4375,491240.4895833333
Q2,20915200,817.0,489270.8125,488629.4270833333
Q2,20966400,819.0,481510.03125,484566.4791666667
Q2,21017600,821.0,482918.59375,483859.59375
Q2,21068800,823.0,487150.15625,484608.6666666667
Q2,21120000,825.0,483757.25,486153.6041666667
Q2,21171200,827.0,487553.40625,484769.15625
Q2,21222400,829.0,482996.8125,483449.6041666667
Q2,21273600,831.0,479798.59375,482914.3958333333
Q2,21324800,833.0,485947.78125,484569.7395833333
Q2,21376000,835.0,487962.84375,487740.7291666667
Q2,21427200,837.0,489311.5625,487417.0833333333
Q2,21478400,839.0,484976.84375,489614.1354166667
Q2,21529600,841.0,494554.0,488797.0208333333
Q2,21580800,843.0,486860.21875,487655.2395833333
Q2,21632000,845.0,481551.5,483892.5520833333
Q2,21683200,847.0,483265.9375,484315.8958333333
Q2,21734400,849.0,488130.25,485174.1458333333
Q2,21785600,851.0,484126.25,483469.4583333333
Q2,21836800,853.0,478151.875,479853.2604166667
Q2,21888000,855.0,477281.65625,476632.2916666667
Q2,21939200,857.0,474463.34375,475817.5729166667
Q2,21990400,859.0,475707.71875,477346.34375
Q2,22041600,861.0,481867.96875,477702.4791666667
Q2,22092800,863.0,475531.75,478404.53125
Q2,22144000,865.0,477813.875,476574.7291666667
Q2,22195200,867.0,476378.5625,478395.84375
Q2,22246400,869.0,480995.09375,479100.75
Q2,22297600,871.0,479928.59375,483019.0833333333
Q2,22348800,873.0,488133.5625,483810.6979166667
Q2,22400000,875.0,483369.9375,486474.5104166667
Q2,22451200,877.0,487920.03125,485693.4583333333
Q2,22502400,879.0,485790.40625,486228.4479166667
Q2,22553600,881.0,484974.90625,485823.6875
Q2,22604800,883.0,486705.75,487333.34375
Q2,22656000,885.0,490319.375,487836.0104166667
Q2,22707200,887.0,486482.90625,488173.09375
Q2,22758400,889.0,487717.0,488476.2291666667
Q2,22809600,891.0,491228.78125,489792.8958333333
Q2,22860800,893.0,490432.90625,490282.6875
Q2,22912000,895.0,489186.375,489788.09375
Q2,22963200,897.0,489745.0,486151.3541666667
Q2,23014400,899.0,479522.6875,485441.8229166667
Q2,23065600,901.0,487057.78125,482000.3020833333
Q2,23116800,903.0,479420.4375,484452.46875
Q2,23168000,905.0,486879.1875,487264.3229166667
Q2,23219200,907.0,495493.34375,492368.1354166667
Q2,23270400,909.0,494731.875,492997.9270833333
Q2,23321600,911.0,488768.5625,490327.9270833333
Q2,23372800,913.0,487483.34375,489840.4791666667
Q2,23424000,915.0,493269.53125,491484.0
Q2,23475200,917.0,493699.125,490799.71875
Q2,23526400,919.0,485430.5,490181.4791666667
Q2,23577600,921.0,491414.8125,487947.5208333333
Q2,23628800,923.0,486997.25,486705.9479166667
Q2,23680000,925.0,481705.78125,487361.34375
Q2,23731200,927.0,493381.0,485931.21875
Q2,23782400,929.0,482706.875,486917.2291666667
Q2,23833600,931.0,484663.8125,485731.0
Q2,23884800,933.0,489822.3125,487920.25
Q2,23936000,935.0,489274.625,489030.8020833333
Q2,23987200,937.0,487995.46875,488684.5104166667
Q2,24038400,939.0,488783.4375,486702.0833333333
Q2,24089600,941.0,483327.34375,487439.65625
Q2,24140800,943.0,490208.1875,484465.0625
Q2,24192000,945.0,479859.65625,481437.90625
Q2,24243200,947.0,474245.875,477639.6145833333
Q2,24294400,949.0,478813.3125,478351.9583333333
Q2,24345600,951.0,481996.6875,484051.0416666667
Q2,24396800,953.0,491343.125,488510.1875
Q2,24448000,955.0,492190.75,489070.4791666667
Q2,24499200,957.0,483677.5625,487457.9479166667
Q2,24550400,959.0,486505.53125,488175.75
Q2,24601600,961.0,494344.15625,486446.0520833333
Q2,24652800,963.0,478488.46875,486620.375
Q2,24704000,965.0,487028.5,485786.1458333333
Q2,24755200,967.0,491841.46875,490525.5833333333
Q2,24806400,969.0,492706.78125,492197.2708333333
Q2,24857600,971.0,492043.5625,489322.2395833333
Q2,24908800,973.0,483216.375,485963.5833333333
Q2,24960000,975.0,482630.8125,484548.8333333333
Q2,25011200,977.0,487799.3125,486354.75
Q2,25062400,979.0,488634.125,492721.4270833333
Q2,25113600,981.0,501730.84375,494620.21875
Q2,25164800,983.0,493495.6875,499511.8125
Q2,25216000,985.0,503308.90625,497336.15625
Q2,25267200,987.0,495203.875,500563.34375
Q2,25318400,989.0,503177.25,500277.1979166667
Q2,25369600,991.0,502450.46875,504554.1666666667
Q2,25420800,993.0,508034.78125,500625.1354166667
Q2,25472000,995.0,491390.15625,498049.46875
Q2,25523200,997.0,494723.46875,493173.9791666667
Q2,25574400,999.0,493408.3125,496779.5833333333
Q2,25625600,1001.0,502206.96875,497762.3020833333
Q2,25676800,1003.0,497671.625,500651.75
Q2,25728000,1005.0,502076.65625,499397.2083333333
Q2,25779200,1007.0,498443.34375,498715.40625
Q2,25830400,1009.0,495626.21875,497024.8541666667
Q2,25881600,1011.0,497005.0,497635.6979166667
Q2,25932800,1013.0,500275.875,499539.4583333333
Q2,25984000,1015.0,501337.5,503698.625
Q2,26035200,1017.0,509482.5,504098.59375
Q2,26086400,1019.0,501475.78125,503379.5729166667
Q2,26137600,1021.0,499180.4375,498509.0625
Q2,26188800,1023.0,494870.96875,499505.9166666667
Q2,26240000,1025.0,504466.34375,501970.5104166667
Q2,26291200,1027.0,506574.21875,504244.2916666667
Q2,26342400,1029.0,501692.3125,498653.4791666667
Q2,26393600,1031.0,487693.90625,495525.125
Q2,26444800,1033.0,497189.15625,493699.53125
Q2,26496000,1035.0,496215.53125,494628.3958333333
Q2,26547200,1037.0,490480.5,497588.3229166667
Q2,26598400,1039.0,506068.9375,500772.75
Q2,26649600,1041.0,505768.8125,505344.34375
Q2,26700800,1043.0,504195.28125,504341.1041666667
Q2,26752000,1045.0,503059.21875,502253.65625
Q2,26803200,1047.0,499506.46875,501425.6458333333
Q2,26854400,1049.0,501711.25,499110.34375
Q2,26905600,1051.0,496113.3125,499661.7395833333
Q2,26956800,1053.0,501160.65625,498052.1770833333
Q2,27008000,1055.0,496882.5625,496688.3541666667
Q2,27059200,1057.0,492021.84375,495678.9583333333
Q2,27110400,1059.0,498132.46875,497027.4791666667
Q2,27161600,1061.0,500928.125,501051.71875
Q2,27212800,1063.0,504094.5625,501266.9583333333
Q2,27264000,1065.0,498778.1875,499397.7916666667
Q2,27315200,1067.0,495320.625,500800.4166666667
Q2,27366400,1069.0,508302.4375,500104.6458333333
Q2,27417600,1071.0,496690.875,501361.90625
Q2,27468800,1073.0,499092.40625,500472.4375
Q2,27520000,1075.0,505634.03125,502440.0625
Q2,27571200,1077.0,502593.75,503018.40625
Q2,27622400,1079.0,500827.4375,502548.53125
Q2,27673600,1081.0,504224.40625,501622.71875
Q2,27724800,1083.0,499816.3125,499346.1666666667
Q2,27776000,1085.0,493997.78125,499598.7291666667
Q2,27827200,1087.0,504982.09375,500002.59375
Q2,27878400,1089.0,501027.90625,502977.0208333333
Q2,27929600,1091.0,502921.0625,503411.34375
Q2,27980800,1093.0,506285.0625,504042.75
Q2,28032000,1095.0,502922.125,500203.6979166667
Q2,28083200,1097.0,491403.90625,499379.6041666667
Q2,28134400,1099.0,503812.78125,498736.3229166667
Q2,28185600,1101.0,500992.28125,503714.78125
Q2,28236800,1103.0,506339.28125,503889.8958333333
Q2,28288000,1105.0,504338.125,504576.4791666667
Q2,28339200,1107.0,503052.03125,500310.7395833333
Q2,28390400,1109.0,493542.0625,497583.0520833333
Q2,28441600,1111.0,496155.0625,493333.4375
Q2,28492800,1113.0,490303.1875,492912.625
Q2,28544000,1115.0,492279.625,492872.6145833333
Q2,28595200,1117.0,496035.03125,496950.0520833333
Q2,28646400,1119.0,502535.5,497889.25
Q2,28697600,1121.0,495097.21875,498780.28125
Q2,28748800,1123.0,498708.125,496094.0625
Q2,28800000,1125.0,494476.84375,497437.7083333333
Q2,28851200,1127.0,499128.15625,497057.5208333333
Q2,28902400,1129.0,497567.5625,501297.09375
Q2,28953600,1131.0,507195.5625,501493.8229166667
Q2,29004800,1133.0,499718.34375,503352.4895833333
Q2,29056000,1135.0,503143.5625,500125.5729166667
Q2,29107200,1137.0,497514.8125,497670.3125
Q2,29158400,1139.0,492352.5625,493419.8854166667
Q2,29209600,1141.0,490392.28125,497298.9375
Q2,29260800,1143.0,509151.96875,503142.9375
Q2,29312000,1145.0,509884.5625,507165.3229166667
Q2,29363200,1147.0,502459.4375,507241.34375
Q2,29414400,1149.0,509380.03125,503042.5104166667
Q2,29465600,1151.0,497288.0625,504886.03125
Q2,29516800,1153.0,507990.0,503412.2395833333
Q2,29568000,1155.0,504958.65625,506424.3125
Q2,29619200,1157.0,506324.28125,504887.96875
Q2,29670400,1159.0,503380.96875,504212.4166666667
Q2,29721600,1161.0,502932.0,500862.8229166667
Q2,29772800,1163.0,496275.5,501640.8645833333
Q2,29824000,1165.0,505715.09375,501849.6145833333
Q2,29875200,1167.0,503558.25,506186.40625
Q2,29926400,1169.0,509285.875,507306.90625
Q2,29977600,1171.0,509076.59375,507213.90625
Q2,30028800,1173.0,503279.25,505761.3645833333
Q2,30080000,1175.0,504928.25,506173.5104166667
Q2,30131200,1177.0,510313.03125,508660.7291666667
Q2,30182400,1179.0,510740.90625,510980.4479166667
Q2,30233600,1181.0,511887.40625,510782.15625
Q2,30284800,1183.0,509718.15625,508228.5520833333
Q2,30336000,1185.0,503080.09375,508542.3645833333
Q2,30387200,1187.0,512828.84375,508608.8958333333
Q2,30438400,1189.0,509917.75,513695.59375
Q2,30489600,1191.0,518340.1875,512713.5520833333
Q2,30540800,1193.0,509882.71875,515086.7916666667
Q2,30592000,1195.0,517037.46875,511705.8645833333
Q2,30643200,1197.0,508197.40625,515174.4895833333
Q2,30694400,1199.0,520288.59375,513994.0729166667
Q2,30745600,1201.0,513496.21875,512846.9166666667
Q2,30796800,1203.0,504755.9375,511056.3333333333
Q2,30848000,1205.0,514916.84375,512465.0208333333
Q2,30899200,1207.0,517722.28125,516951.7083333333
Q2,30950400,1209.0,518216.0,516902.8229166667
Q2,31001600,1211.0,514770.1875,517099.4583333333
Q2,31052800,1213.0,518312.1875,516004.125
Q2,31104000,1215.0,514930.0,516708.4270833333
Q2,31155200,1217.0,516883.09375,515563.2916666667
Q2,31206400,1219.0,514876.78125,515863.3645833333
Q2,31257600,1221.0,515830.21875,514667.0729166667
Q2,31308800,1223.0,513294.21875,511896.0625
Q2,31360000,1225.0,506563.75,508500.6354166667
Q2,31411200,1227.0,505643.9375,510074.8229166667
Q2,31462400,1229.0,518016.78125,510817.46875
Q2,31513600,1231.0,508791.6875,513784.84375
Q2,31564800,1233.0,514546.0625,513124.5833333333
Q2,31616000,1235.0,516036.0,516945.375
Q2,31667200,1237.0,520254.0625,518788.5625
Q2,31718400,1239.0,520075.625,517511.9895833333
Q2,31769600,1241.0,512206.28125,516144.1979166667
Q2,31820800,1243.0,516150.6875,516363.5833333333
Q2,31872000,1245.0,520733.78125,516035.25
Q2,31923200,1247.0,511221.28125,516135.5416666667
Q2,31974400,1249.0,516451.5625,515088.9166666667
Q2,32025600,1251.0,517593.90625,514953.0520833333
Q2,32076800,1253.0,510813.6875,513755.7708333333
Q2,32128000,1255.0,512859.71875,515122.5104166667
Q2,32179200,1257.0,521694.125,515678.1041666667
Q2,32230400,1259.0,512480.46875,517462.9375
Q2,32281600,1261.0,518214.21875,515092.5
Q2,32332800,1263.0,514582.8125,513643.1979166667
Q2,32384000,1265.0,508132.5625,510461.71875
Q2,32435200,1267.0,508669.78125,511147.6666666667
Q2,32486400,1269.0,516640.65625,512262.71875
Q2,32537600,1271.0,511477.71875,511212.15625
Q2,32588800,1273.0,505518.09375,510501.46875
Q2,32640000,1275.0,514508.59375,512100.1979166667
Q2,32691200,1277.0,516273.90625,513674.3333333333
Q2,32742400,1279.0,510240.5,512277.3333333333
Q2,32793600,1281.0,510317.59375,513028.4270833333
Q2,32844800,1283.0,518527.1875,515188.4375
Q2,32896000,1285.0,516720.53125,520857.1770833333
Q2,32947200,1287.0,527323.8125,521811.6041666667
Q2,32998400,1289.0,521390.46875,520704.9270833333
Q2,33049600,1291.0,513400.5,516587.40625
Q2,33100800,1293.0,514971.25,513352.5833333333
Q2,33152000,1295.0,511686.0,513081.5520833333
Q2,33203200,1297.0,512587.40625,513581.4895833333
Q2,33254400,1299.0,516471.0625,512859.375
Q2,33305600,1301.0,509519.65625,515636.5729166667
Q2,33356800,1303.0,520919.0,515553.78125
Q2,33408000,1305.0,516222.6875,514876.90625
Q2,33459200,1307.0,507489.03125,513376.9270833333
Q2,33510400,1309.0,516419.0625,513918.6354166667
Q2,33561600,1311.0,517847.8125,517904.7604166667
Q2,33612800,1313.0,519447.40625,519472.3958333333
Q2,33664000,1315.0,521121.96875,522680.7083333333
Q2,33715200,1317.0,527472.75,523412.0729166667
Q2,33766400,1319.0,521641.5,524398.6041666666
Q2,33817600,1321.0,524081.5625,520254.46875
Q2,33868800,1323.0,515040.34375,516391.3541666667
Q2,33920000,1325.0,510052.15625,514679.5416666667
Q2,33971200,1327.0,518946.125,515848.0104166667
Q2,34022400,1329.0,518545.75,521196.0625
Q2,34073600,1331.0,526096.3125,520677.3854166667
Q2,34124800,1333.0,517390.09375,519892.28125
Q2,34176000,1335.0,516190.4375,520393.5520833333
Q2,34227200,1337.0,527600.125,521649.0104166667
Q2,34278400,1339.0,521156.46875,526138.2395833334
Q2,34329600,1341.0,529658.125,526325.9270833334
Q2,34380800,1343.0,528163.1875,525922.2604166666
Q2,34432000,1345.0,519945.46875,525824.09375
Q2,34483200,1347.0,529363.625,525214.03125
Q2,34534400,1349.0,526333.0,526596.4375
Q2,34585600,1351.0,524092.6875,524784.8854166666
Q2,34636800,1353.0,523928.96875,525347.3645833334
Q2,34688000,1355.0,528020.4375,525068.625
Q2,34739200,1357.0,523256.46875,524431.0104166666
Q2,34790400,1359.0,522016.125,522880.375
Q2,34841600,1361.0,523368.53125,523616.46875
Q2,34892800,1363.0,525464.75,522398.1875
Q2,34944000,1365.0,518361.28125,522261.5208333333
Q2,34995200,1367.0,522958.53125,521912.2083333333
Q2,35046400,1369.0,524416.8125,523865.4895833333
Q2,35097600,1371.0,524221.125,524512.7916666666
Q2,35148800,1373.0,524900.4375,521513.71875
Q2,35200000,1375.0,515419.59375,520404.9479166667
Q2,35251200,1377.0,520894.8125,520086.3020833333
Q2,35302400,1379.0,523944.5,519492.0520833333
Q2,35353600,1381.0,513636.84375,522466.28125
Q2,35404800,1383.0,529817.5,521991.875
Q2,35456000,1385.0,522521.28125,525913.2395833334
Q2,35507200,1387.0,525400.9375,523951.9583333333
Q2,35558400,1389.0,523933.65625,522240.7395833333
Q2,35609600,1391.0,517387.625,520575.78125
Q2,35660800,1393.0,520406.0625,518647.15625
Q2,35712000,1395.0,518147.78125,520155.7291666667
Q2,35763200,1397.0,521913.34375,520063.2708333333
Q2,35814400,1399.0,520128.6875,518500.8020833333
Q2,35865600,1401.0,513460.375,518493.7708333333
Q2,35916800,1403.0,521892.25,513744.7708333333
Q2,35968000,1405.0,505881.6875,514702.53125
Q2,36019200,1407.0,516333.65625,510898.4791666667
Q2,36070400,1409.0,510480.09375,518777.8541666667
Q2,36121600,1411.0,529519.8125,522600.28125
Q2,36172800,1413.0,527800.9375,525537.7395833334
Q2,36224000,1415.0,519292.46875,526552.4270833334
Q2,36275200,1417.0,532563.875,526134.9895833334
Q2,36326400,1419.0,526548.625,530421.8125
Q2,36377600,1421.0,532152.9375,529588.5625
Q2,36428800,1423.0,530064.125,532422.3333333334
Q2,36480000,1425.0,535049.9375,529637.1458333334
Q2,36531200,1427.0,523797.375,528944.6875
Q2,36582400,1429.0,527986.75,527297.875
Q2,36633600,1431.0,530109.5,525757.9270833334
Q2,36684800,1433.0,519177.53125,523226.7395833333
Q2,36736000,1435.0,520393.1875,522036.3020833333
Q2,36787200,1437.0,526538.1875,524000.5
Q2,36838400,1439.0,525070.125,525298.25
Q2,36889600,1441.0,524286.4375,522650.5208333333
Q2,36940800,1443.0,518595.0,523283.0208333333
Q2,36992000,1445.0,526967.625,522972.7604166667
Q2,37043200,1447.0,523355.65625,526056.28125
Q2,37094400,1449.0,527845.5625,525999.2395833334
Q2,37145600,1451.0,526796.5,527847.3541666666
Q2,37196800,1453.0,528900.0,525494.3229166666
Q2,37248000,1455.0,520786.46875,524112.8333333333
Q2,37299200,1457.0,522652.03125,521642.90625
Q2,37350400,1459.0,521490.21875,525378.875
Q2,37401600,1461.0,531994.375,526065.0729166666
Q2,37452800,1463.0,524710.625,529192.1666666666
Q2,37504000,1465.0,530871.5,527305.4375
Q2,37555200,1467.0,526334.1875,526350.5729166666
Q2,37606400,1469.0,521846.03125,527191.5729166666
Q2,37657600,1471.0,533394.5,527826.03125
Q2,37708800,1473.0,528237.5625,530093.125
Q2,37760000,1475.0,528647.3125,527719.9375
Q2,37811200,1477.0,526274.9375,527451.3541666666
Q2,37862400,1479.0,527431.8125,528366.5625
Q2,37913600,1481.0,531392.9375,528880.3333333334
Q2,37964800,1483.0,527816.25,527719.65625
Q2,38016000,1485.0,523949.78125,527282.4895833334
Q2,38067200,1487.0,530081.4375,525865.8020833334
Q2,38118400,1489.0,523566.1875,529481.8333333334
Q2,38169600,1491.0,534797.875,529566.1041666666
Q2,38220800,1493.0,530334.25,531581.0
Q2,38272000,1495.0,529610.875,529417.75
Q2,38323200,1497.0,528308.125,530046.0
Q2,38374400,1499.0,532219.0,531109.6875
Q2,38425600,1501.0,532801.9375,533582.3541666666
Q2,38476800,1503.0,535726.125,532193.0
Q2,38528000,1505.0,528050.9375,534317.3125
Q2,38579200,1507.0,539174.875,530819.0416666666
Q2,38630400,1509.0,525231.3125,535518.0833333334
Q2,38681600,1511.0,542148.0625,535847.9375
Q2,38732800,1513.0,540164.4375,539100.3541666666
Q2,38784000,1515.0,534988.5625,537386.2083333334
Q2,38835200,1517.0,537005.625,534398.0625
Q2,38886400,1519.0,531200.0,536183.8125
Q2,38937600,1521.0,540345.8125,534239.4791666666
Q2,38988800,1523.0,531172.625,533142.5833333334
Q2,39040000,1525.0,527909.3125,531598.3541666666
Q2,39091200,1527.0,535713.125,530208.6666666666
Q2,39142400,1529.0,527003.5625,533313.0
Q2,39193600,1531.0,537222.3125,534053.6875
Q2,39244800,1533.0,537935.1875,533137.5520833334
Q2,39296000,1535.0,524255.15625,532108.4895833334
Q2,39347200,1537.0,534135.125,531028.6354166666
Q2,39398400,1539.0,534695.625,533639.0625
Q2,39449600,1541.0,532086.4375,534627.5625
Q2,39500800,1543.0,537100.625,534276.4791666666
Q2,39552000,1545.0,533642.375,535182.5625
Q2,39603200,1547.0,534804.6875,534212.6041666666
Q2,39654400,1549.0,534190.75,533420.0416666666
Q2,39705600,1551.0,531264.6875,534086.3125
Q2,39756800,1553.0,536803.5,535449.6666666666
Q2,39808000,1555.0,538280.8125,538323.0
Q2,39859200,1557.0,539884.6875,536151.8125
Q2,39910400,1559.0,530289.9375,533948.7708333334
Q2,39961600,1561.0,531671.6875,529341.8541666666
Q2,40012800,1563.0,526063.9375,530081.7708333334
Q2,40064000,1565.0,532509.6875,530393.7708333334
Q2,40115200,1567.0,532607.6875,532339.0416666666
Q2,40166400,1569.0,531899.75,531049.0416666666
Q2,40217600,1571.0,528639.6875,532318.2916666666
Q2,40268800,1573.0,536415.4375,531185.6666666666
Q2,40320000,1575.0,528501.875,532853.8958333334
Q2,40371200,1577.0,533644.375,530185.3958333334
Q2,40422400,1579.0,528409.9375,529189.1875
Q2,40473600,1581.0,525513.25,527772.1041666666
Q2,40524800,1583.0,529393.125,528034.5416666666
Q2,40576000,1585.0,529197.25,531054.3333333334
Q2,40627200,1587.0,534572.625,531777.9583333334
Q2,40678400,1589.0,531564.0,534577.5833333334
Q2,40729600,1591.0,537596.125,535405.4791666666
Q2,40780800,1593.0,537056.3125,534945.5625
Q2,40832000,1595.0,530184.25,534949.375
Q2,40883200,1597.0,537607.5625,530626.4583333334
Q2,40934400,1599.0,524087.5625,534551.7708333334
Q2,40985600,1601.0,541960.1875,534294.4166666666
Q2,41036800,1603.0,536835.5,539024.1458333334
Q2,41088000,1605.0,538276.75,537413.1041666666
Q2,41139200,1607.0,537127.0625,535932.8958333334
Q2,41190400,1609.0,532394.875,532865.7916666666
Q2,41241600,1611.0,529075.4375,534097.1041666666
Q2,41292800,1613.0,540821.0,532648.8541666666
Q2,41344000,1615.0,528050.125,534774.0625
Q2,41395200,1617.0,535451.0625,531724.1458333334
Q2,41446400,1619.0,531671.25,535135.2708333334
Q2,41497600,1621.0,538283.5,536292.8125
Q2,41548800,1623.0,538923.6875,537049.875
Q2,41600000,1625.0,533942.4375,535566.4583333334
Q2,41651200,1627.0,533833.25,534958.3541666666
Q2,41702400,1629.0,537099.375,537441.2083333334
Q2,41753600,1631.0,541391.0,538470.0625
Q2,41804800,1633.0,536919.8125,539335.9375
Q2,41856000,1635.0,539697.0,537421.4791666666
Q2,41907200,1637.0,535647.625,536796.8541666666
Q2,41958400,1639.0,535045.9375,534076.8125
Q2,42009600,1641.0,531536.875,533310.0208333334
Q2,42060800,1643.0,533347.25,534990.375
Q2,42112000,1645.0,540087.0,537456.0
Q2,42163200,1647.0,538933.75,536867.8958333334
Q2,42214400,1649.0,531582.9375,535583.5416666666
Q2,42265600,1651.0,536233.9375,535104.7916666666
Q2,42316800,1653.0,537497.5,534918.4583333334
Q2,42368000,1655.0,531023.9375,534634.9583333334
Q2,42419200,1657.0,535383.4375,532816.6458333334
Q2,42470400,1659.0,532042.5625,536204.5
Q2,42521600,1661.0,541187.5,537042.1458333334
Q2,42572800,1663.0,537896.375,539682.7916666666
Q2,42624000,1665.0,539964.5,539352.9166666666
Q2,42675200,1667.0,540197.875,541748.9375
Q2,42726400,1669.0,545084.4375,539971.7916666666
Q2,42777600,1671.0,534633.0625,538283.9583333334
Q2,42828800,1673.0,535134.375,536621.0416666666
Q2,42880000,1675.0,540095.6875,537278.7291666666
Q2,42931200,1677.0,536606.125,539292.7916666666
Q2,42982400,1679.0,541176.5625,536616.8125
Q2,43033600,1681.0,532067.75,536551.0416666666
Q2,43084800,1683.0,536408.8125,537072.3333333334
Q2,43136000,1685.0,542740.4375,540631.5416666666
Q2,43187200,1687.0,542745.375,543246.3541666666
Q2,43238400,1689.0,544253.25,542334.5833333334
Q2,43289600,1691.0,540005.125,543529.8333333334
Q2,43340800,1693.0,546331.125,543647.4375
Q2,43392000,1695.0,544606.0625,547139.9791666666
Q2,43443200,1697.0,550482.75,544408.4583333334
Q2,43494400,1699.0,538136.5625,542273.1666666666
Q2,43545600,1701.0,538200.1875,541028.4791666666
Q2,43596800,1703.0,546748.6875,543506.6458333334
Q2,43648000,1705.0,545571.0625,544436.2083333334
Q2,43699200,1707.0,540988.875,544812.5208333334
Q2,43750400,1709.0,547877.625,543925.1041666666
Q2,43801600,1711.0,542908.8125,545295.9791666666
Q2,43852800,1713.0,545101.5,544253.1041666666
Q2,43904000,1715.0,544749.0,545024.0833333334
Q2,43955200,1717.0,545221.75,545764.6458333334
Q2,44006400,1719.0,547323.1875,546724.6041666666
Q2,44057600,1721.0,547628.875,547705.9583333334
Q2,44108800,1723.0,548165.8125,547529.2291666666
Q2,44160000,1725.0,546793.0,547019.8541666666
Q2,44211200,1727.0,546100.75,546669.25
Q2,44262400,1729.0,547114.0,546753.9791666666
Q2,44313600,1731.0,547047.1875,543958.0208333334
Q2,44364800,1733.0,537712.875,542656.5
Q2,44416000,1735.0,543209.4375,540679.7916666666
Q2,44467200,1737.0,541117.0625,543399.3541666666
Q2,44518400,1739.0,545871.5625,543144.7916666666
Q2,44569600,1741.0,542445.75,544796.0625
Q2,44620800,1743.0,546070.875,543723.5208333334
Q2,44672000,1745.0,542653.9375,543420.1458333334
Q2,44723200,1747.0,541535.625,541377.7291666666
Q2,44774400,1749.0,539943.625,541433.0
Q2,44825600,1751.0,542819.75,541338.3541666666
Q2,44876800,1753.0,541251.6875,541567.1875
Q2,44928000,1755.0,540630.125,540263.2916666666
Q2,44979200,1757.0,538908.0625,541069.875
Q2,45030400,1759.0,543671.4375,541327.4166666666
Q2,45081600,1761.0,541402.75,542735.9375
Q2,45132800,1763.0,543133.625,542187.9375
Q2,45184000,1765.0,542027.4375,542189.5208333334
Q2,45235200,1767.0,541407.5,542644.5833333334
Q2,45286400,1769.0,544498.8125,544298.7916666666
Q2,45337600,1771.0,546990.0625,544862.125
Q2,45388800,1773.0,543097.5,544843.9166666666
Q2,45440000,1775.0,544444.1875,544414.3541666666
Q2,45491200,1777.0,545701.375,544286.9791666666
Q2,45542400,1779.0,542715.375,542997.6041666666
Q2,45593600,1781.0,540576.0625,543209.6458333334
Q2,45644800,1783.0,546337.5,544630.1666666666
Q2,45696000,1785.0,546976.9375,547969.4375
Q2,45747200,1787.0,550593.875,548102.9166666666
Q2,45798400,1789.0,546737.9375,547396.0833333334
Q2,45849600,1791.0,544856.4375,546650.5416666666
Q2,45900800,1793.0,548357.25,545813.2708333334
Q2,45952000,1795.0,544226.125,546394.375
Q2,46003200,1797.0,546599.75,545646.9375
Q2,46054400,1799.0,546114.9375,544153.7291666666
Q2,46105600,1801.0,539746.5,543481.2916666666
Q2,46156800,1803.0,544582.4375,543305.1666666666
Q2,46208000,1805.0,545586.5625,545878.1666666666
Q2,46259200,1807.0,547465.5,544281.125
Q2,46310400,1809.0,539791.3125,543140.2083333334
Q2,46361600,1811.0,542163.8125,544090.6875
Q2,46412800,1813.0,550316.9375,546179.5833333334
Q2,46464000,1815.0,546058.0,547950.875
Q2,46515200,1817.0,547477.6875,547390.4791666666
Q2,46566400,1819.0,548635.75,547097.1875
Q2,46617600,1821.0,545178.125,544706.3125
Q2,46668800,1823.0,540305.0625,543050.2708333334
Q2,46720000,1825.0,543667.625,543178.3333333334
Q2,46771200,1827.0,545562.3125,545512.125
Q2,46822400,1829.0,547306.4375,547590.0625
Q2,46873600,1831.0,549901.4375,547989.5416666666
Q2,46924800,1833.0,546760.75,549026.875
Q2,46976000,1835.0,550418.4375,548770.4791666666
Q2,47027200,1837.0,549132.25,549656.2708333334
Q2,47078400,1839.0,549418.125,549221.1666666666
Q2,47129600,1841.0,549113.125,549578.4583333334
Q2,47180800,1843.0,550204.125,549540.625
Q2,47232000,1845.0,549304.625,550474.0
Q2,47283200,1847.0,551913.25,551113.1458333334
Q2,47334400,1849.0,552121.5625,552547.8958333334
Q2,47385600,1851.0,553608.875,553540.1666666666
Q2,47436800,1853.0,554890.0625,553903.1666666666
Q2,47488000,1855.0,553210.5625,555045.6458333334
Q2,47539200,1857.0,557036.3125,555991.1875
Q2,47590400,1859.0,557726.6875,556536.2083333334
Q2,47641600,1861.0,554845.625,556050.9583333334
Q2,47692800,1863.0,555580.5625,554990.6875
Q2,47744000,1865.0,554545.875,555328.7708333334
Q2,47795200,1867.0,555859.875,555100.2291666666
Q2,47846400,1869.0,554894.9375,555572.6041666666
Q2,47897600,1871.0,555963.0,555331.8333333334
Q2,47948800,1873.0,555137.5625,556043.125
Q2,48000000,1875.0,557028.8125,556465.4583333334
Q2,48051200,1877.0,557230.0,557888.1666666666
Q2,48102400,1879.0,559405.6875,558659.7291666666
Q2,48153600,1881.0,559343.5,559333.375
Q2,48204800,1883.0,559250.9375,559593.1041666666
Q2,48256000,1885.0,560184.875,559587.5208333334
Q2,48307200,1887.0,559326.75,559661.6875
Q2,48358400,1889.0,559473.4375,558284.9375
Q2,48409600,1891.0,556054.625,556814.3333333334
Q2,48460800,1893.0,554914.9375,556023.5208333334
Q2,48512000,1895.0,557101.0,556141.3333333334
Q2,48563200,1897.0,556408.0625,555718.0833333334
Q2,48614400,1899.0,553645.1875,554658.4375
Q2,48665600,1901.0,553922.0625,553775.7708333334
Q2,48716800,1903.0,553760.0625,554471.0833333334
Q2,48768000,1905.0,555731.125,554600.8125
Q2,48819200,1907.0,554311.25,553927.2291666666
Q2,48870400,1909.0,551739.3125,552793.5208333334
Q2,48921600,1911.0,552330.0,552020.0
Q2,48972800,1913.0,551990.6875,552136.2083333334
Q2,49024000,1915.0,552087.9375,552507.5
Q2,49075200,1917.0,553443.875,552520.8125
Q2,49126400,1919.0,552030.625,552066.3958333334
Q2,49177600,1921.0,550724.6875,551253.0
Q2,49228800,1923.0,551003.6875,551094.8333333334
Q2,49280000,1925.0,551556.125,550767.2083333334
Q2,49331200,1927.0,549741.8125,550810.8125
Q2,49382400,1929.0,551134.5,550154.8333333334
Q2,49433600,1931.0,549588.1875,550205.2083333334
Q2,49484800,1933.0,549892.9375,550029.5
Q2,49536000,1935.0,550607.375,549928.1666666666
Q2,49587200,1937.0,549284.1875,550103.2291666666
Q2,49638400,1939.0,550418.125,549279.3541666666
Q2,49689600,1941.0,548135.75,548830.6666666666
Q2,49740800,1943.0,547938.125,548294.625
Q2,49792000,1945.0,548810.0,547963.8541666666
Q2,49843200,1947.0,547143.4375,547962.3333333334
Q2,49894400,1949.0,547933.5625,548121.25
Q2,49945600,1951.0,549286.75,549232.9583333334
Q2,49996800,1953.0,550478.5625,549373.3958333334
Q2,50048000,1955.0,548354.875,549246.8541666666
Q2,50099200,1957.0,548907.125,548402.3958333334
Q2,50150400,1959.0,547945.1875,548167.0625
Q2,50201600,1961.0,547648.875,547682.0833333334
Q2,50252800,1963.0,547452.1875,546999.6875
Q2,50304000,1965.0,545898.0,546721.375
Q2,50355200,1967.0,546813.9375,546218.1666666666
Q2,50406400,1969.0,545942.5625,546373.375
Q2,50457600,1971.0,546363.625,546072.125
Q2,50508800,1973.0,545910.1875,546497.8958333334
Q2,50560000,1975.0,547219.875,546520.5625
Q2,50611200,1977.0,546431.625,546202.375
Q2,50662400,1979.0,544955.625,545155.3541666666
Q2,50713600,1981.0,544078.8125,544663.125
Q2,50764800,1983.0,544954.9375,543841.4583333334
Q2,50816000,1985.0,542490.625,543156.5416666666
Q2,50867200,1987.0,542024.0625,542229.1666666666
Q2,50918400,1989.0,542172.8125,541661.0625
Q2,50969600,1991.0,540786.3125,541717.5416666666
Q2,51020800,1993.0,542193.5,541299.0833333334
Q2,51072000,1995.0,540917.4375,542454.2708333334
Q2,51123200,1997.0,544251.875,542865.6458333334
Q2,51174400,1999.0,543427.625,543895.9166666666
Q2,51225600,2001.0,544008.25,544079.0
Q2,51276800,2003.0,544801.125,543532.1875
Q2,51328000,2005.0,541787.1875,543103.8333333334
Q2,51379200,2007.0,542723.1875,542234.6666666666
Q2,51430400,2009.0,542193.625,541727.4583333334
Q2,51481600,2011.0,540265.5625,541554.6666666666
Q2,51532800,2013.0,542204.8125,541681.8333333334
Q2,51584000,2015.0,542575.125,542146.0
Q2,51635200,2017.0,541658.0625,541944.0
Q2,51686400,2019.0,541598.8125,542112.7083333334
Q2,51737600,2021.0,543081.25,542984.2708333334
Q2,51788800,2023.0,544272.75,543475.1041666666
Q2,51840000,2025.0,543071.3125,543556.8958333334
Q2,51891200,2027.0,543326.625,543138.2708333334
Q2,51942400,2029.0,543016.875,543207.5
Q2,51993600,2031.0,543279.0,543112.9791666666
Q2,52044800,2033.0,543043.0625,542974.8541666666
Q2,52096000,2035.0,542602.5,542472.7708333334
Q2,52147200,2037.0,541772.75,541957.6666666666
Q2,52198400,2039.0,541497.75,541587.5
Q2,52249600,2041.0,541492.0,542196.4375
Q2,52300800,2043.0,543599.5625,542736.5625
Q2,52352000,2045.0,543118.125,543668.6041666666
Q2,52403200,2047.0,544288.125,544235.5208333334
Q2,52454400,2049.0,545300.3125,545109.6875
Q2,52505600,2051.0,545740.625,545789.7291666666
Q2,52556800,2053.0,546328.25,546120.4791666666
Q2,52608000,2055.0,546292.5625,545884.875
Q2,52659200,2057.0,545033.8125,545590.1666666666
Q2,52710400,2059.0,545444.125,545335.7291666666
Q2,52761600,2061.0,545529.25,545896.6875
Q2,52812800,2063.0,546716.6875,546414.2291666666
Q2,52864000,2065.0,546996.75,547137.25
Q2,52915200,2067.0,547698.3125,547571.1875
Q2,52966400,2069.0,548018.5,548649.9791666666
Q2,53017600,2071.0,550233.125,549357.4375
Q2,53068800,2073.0,549820.6875,549591.7916666666
Q2,53120000,2075.0,548721.5625,550072.3541666666
Q2,53171200,2077.0,551674.8125,550631.4583333334
Q2,53222400,2079.0,551498.0,550791.3333333334
Q2,53273600,2081.0,549201.1875,549706.7708333334
Q2,53324800,2083.0,548421.125,548931.7083333334
Q2,53376000,2085.0,549172.8125,548502.5625
Q2,53427200,2087.0,547913.75,548553.7708333334
Q2,53478400,2089.0,548574.75,548090.3958333334
Q2,53529600,2091.0,547782.6875,547829.6041666666
Q2,53580800,2093.0,547131.375,547405.6041666666
Q2,53632000,2095.0,547302.75,546954.1458333334
Q2,53683200,2097.0,546428.3125,546202.5
Q2,53734400,2099.0,544876.4375,544598.5208333334
Q2,53785600,2101.0,542490.8125,543779.5208333334
Q2,53836800,2103.0,543971.3125,543391.6458333334
Q2,53888000,2105.0,543712.8125,544387.375
Q2,53939200,2107.0,545478.0,544077.8125
Q2,53990400,2109.0,543042.625,543647.9166666666
Q2,54041600,2111.0,542423.125,543771.375
Q2,54092800,2113.0,545848.375,544830.2916666666
Q2,54144000,2115.0,546219.375,546258.6458333334
Q2,54195200,2117.0,546708.1875,546362.875
Q2,54246400,2119.0,546161.0625,546491.1458333334
Q2,54297600,2121.0,546604.1875,547103.5833333334
Q2,54348800,2123.0,548545.5,547419.1041666666
Q2,54400000,2125.0,547107.625,547569.2083333334
Q2,54451200,2127.0,547054.5,547369.2291666666
Q2,54502400,2129.0,547945.5625,547708.7708333334
Q2,54553600,2131.0,548126.25,548532.2291666666
Q2,54604800,2133.0,549524.875,549158.7083333334
Q2,54656000,2135.0,549825.0,549399.25
Q2,54707200,2137.0,548847.875,549035.1666666666
Q2,54758400,2139.0,548432.625,548786.3958333334
Q2,54809600,2141.0,549078.6875,548417.9166666666
Q2,54860800,2143.0,547742.4375,547982.5416666666
Q2,54912000,2145.0,547126.5,547695.5833333334
Q2,54963200,2147.0,548217.8125,548006.6875
Q2,55014400,2149.0,548675.75,549003.7291666666
Q2,55065600,2151.0,550117.625,548903.9583333334
Q2,55116800,2153.0,547918.5,548333.8541666666
Q2,55168000,2155.0,546965.4375,547367.8541666666
Q2,55219200,2157.0,547219.625,546529.1666666666
Q2,55270400,2159.0,545402.4375,545968.4583333334
Q2,55321600,2161.0,545283.3125,545478.5833333334
Q2,55372800,2163.0,545750.0,545864.4375
Q2,55424000,2165.0,546560.0,546487.3958333334
Q2,55475200,2167.0,547152.1875,547113.7083333334
Q2,55526400,2169.0,547628.9375,547169.2916666666
Q2,55577600,2171.0,546726.75,547027.1666666666
Q2,55628800,2173.0,546725.8125,546803.4166666666
Q2,55680000,2175.0,546957.6875,546648.2916666666
Q2,55731200,2177.0,546261.375,546848.1875
Q2,55782400,2179.0,547325.5,546870.875
Q2,55833600,2181.0,547025.75,547880.8958333334
Q2,55884800,2183.0,549291.4375,548528.3958333334
Q2,55936000,2185.0,549268.0,550142.5208333334
Q2,55987200,2187.0,551868.125,551492.4166666666
Q2,56038400,2189.0,553341.125,553395.6875
Q2,56089600,2191.0,554977.8125,554421.2291666666
Q2,56140800,2193.0,554944.75,554689.9791666666
Q2,56192000,2195.0,554147.375,554238.5833333334
Q2,56243200,2197.0,553623.625,553593.4583333334
Q2,56294400,2199.0,553009.375,553143.4375
Q2,56345600,2201.0,552797.3125,552724.3333333334
Q2,56396800,2203.0,552366.3125,552359.0416666666
Q2,56448000,2205.0,551913.5,552631.6875
Q2,56499200,2207.0,553615.25,552836.4166666666
Q2,56550400,2209.0,552980.5,553524.0
Q2,56601600,2211.0,553976.25,553277.6041666666
Q2,56652800,2213.0,552876.0625,553740.7291666666
Q2,56704000,2215.0,554369.875,553452.7916666666
Q2,56755200,2217.0,553112.4375,552908.0416666666
Q2,56806400,2219.0,551241.8125,552005.125
Q2,56857600,2221.0,551661.125,552008.9583333334
Q2,56908800,2223.0,553123.9375,552936.875
Q2,56960000,2225.0,554025.5625,553951.25
Q2,57011200,2227.0,554704.25,554351.5625
Q2,57062400,2229.0,554324.875,554094.5
Q2,57113600,2231.0,553254.375,553545.5
Q2,57164800,2233.0,553057.25,552529.8125
Q2,57216000,2235.0,551277.8125,552336.6041666666
Q2,57267200,2237.0,552674.75,552162.625
Q2,57318400,2239.0,552535.3125,552444.7083333334
Q2,57369600,2241.0,552124.0625,552010.6666666666
Q2,57420800,2243.0,551372.625,550953.2083333334
Q2,57472000,2245.0,549362.9375,549642.0416666666
Q2,57523200,2247.0,548190.5625,549120.1875
Q2,57574400,2249.0,549807.0625,549748.7708333334
Q2,57625600,2251.0,551248.6875,550683.8958333334
Q2,57676800,2253.0,550995.9375,551487.1041666666
Q2,57728000,2255.0,552216.6875,552127.2083333334
Q2,57779200,2257.0,553169.0,552238.7916666666
Q2,57830400,2259.0,551330.6875,552598.7291666666
Q2,57881600,2261.0,553296.5,552986.4583333334
Q2,57932800,2263.0,554332.1875,554141.1666666666
Q2,57984000,2265.0,554794.8125,555007.9166666666
Q2,58035200,2267.0,555896.75,555354.0625
Q2,58086400,2269.0,555370.625,555506.1875
Q2,58137600,2271.0,555251.1875,554719.6666666666
Q2,58188800,2273.0,553537.1875,554713.5625
Q2,58240000,2275.0,555352.3125,554170.5625
Q2,58291200,2277.0,553622.1875,554167.7083333334
Q2,58342400,2279.0,553528.625,553519.7291666666
Q2,58393600,2281.0,553408.375,554026.125
Q2,58444800,2283.0,555141.375,554673.1458333334
Q2,58496000,2285.0,555469.6875,555929.625
Q2,58547200,2287.0,557177.8125,556464.4166666666
Q2,58598400,2289.0,556745.75,557308.4166666666
Q2,58649600,2291.0,558001.6875,557690.2083333334
Q2,58700800,2293.0,558323.1875,558194.5208333334
Q2,58752000,2295.0,558258.6875,558679.0416666666
Q2,58803200,2297.0,559455.25,559041.2708333334
Q2,58854400,2299.0,559409.875,559329.2291666666
Q2,58905600,2301.0,559122.5625,559505.4375
Q2,58956800,2303.0,559983.875,559612.1458333334
Q2,59008000,2305.0,559730.0,559989.75
Q2,59059200,2307.0,560255.375,560070.625
Q2,59110400,2309.0,560226.5,560166.2916666666
Q2,59161600,2311.0,560017.0,560284.8333333334
Q2,59212800,2313.0,560611.0,560499.6666666666
Q2,59264000,2315.0,560871.0,560633.2708333334
Q2,59315200,2317.0,560417.8125,560607.0625
Q2,59366400,2319.0,560532.375,560811.3958333334
Q2,59417600,2321.0,561484.0,561391.5416666666
Q2,59468800,2323.0,562158.25,561545.2708333334
Q2,59520000,2325.0,560993.5625,561171.3958333334
Q2,59571200,2327.0,560362.375,560834.1458333334
Q2,59622400,2329.0,561146.5,561383.5833333334
Q2,59673600,2331.0,562641.875,561588.0416666666
Q2,59724800,2333.0,560975.75,561461.875
Q2,59776000,2335.0,560768.0,561306.3541666666
Q2,59827200,2337.0,562175.3125,561891.2708333334
Q2,59878400,2339.0,562730.5,562202.2291666666
Q2,59929600,2341.0,561700.875,562402.8541666666
Q2,59980800,2343.0,562777.1875,562047.5833333334
Q2,60032000,2345.0,561664.6875,562168.5833333334
Q2,60083200,2347.0,562063.875,561852.3125
Q2,60134400,2349.0,561828.375,561310.3958333334
Q2,60185600,2351.0,560038.9375,560142.5208333334
Q2,60236800,2353.0,558560.25,559180.5625
Q2,60288000,2355.0,558942.5,558372.6041666666
Q2,60339200,2357.0,557615.0625,557847.3125
Q2,60390400,2359.0,556984.375,557592.9583333334
Q2,60441600,2361.0,558179.4375,557858.25
Q2,60492800,2363.0,558410.9375,558479.6666666666
Q2,60544000,2365.0,558848.625,557658.3958333334
Q2,60595200,2367.0,555715.625,556968.1666666666
Q2,60646400,2369.0,556340.25,555866.2083333334
Q2,60697600,2371.0,555542.75,556917.625
Q2,60748800,2373.0,558869.875,558289.75
Q2,60800000,2375.0,560456.625,560096.8541666666
Q2,60851200,2377.0,560964.0625,560907.9375
Q2,60902400,2379.0,561303.125,560724.3541666666
Q2,60953600,2381.0,559905.875,560693.4583333334
Q2,61004800,2383.0,560871.375,559723.2708333334
Q2,61056000,2385.0,558392.5625,559066.8125
Q2,61107200,2387.0,557936.5,557796.9375
Q2,61158400,2389.0,557061.75,557896.1041666666
Q2,61209600,2391.0,558690.0625,558123.2916666666
Q2,61260800,2393.0,558618.0625,558222.6041666666
Q2,61312000,2395.0,557359.6875,557812.3125
Q2,61363200,2397.0,557459.1875,557289.8958333334
Q2,61414400,2399.0,557050.8125,557761.75
Q2,61465600,2401.0,558775.25,557476.0208333334
Q2,61516800,2403.0,556602.0,556901.5
Q2,61568000,2405.0,555327.25,555832.1458333334
Q2,61619200,2407.0,555567.1875,555747.875
Q2,61670400,2409.0,556349.1875,556736.7916666666
Q2,61721600,2411.0,558294.0,557594.75
Q2,61772800,2413.0,558141.0625,558664.5
Q2,61824000,2415.0,559558.4375,559154.6666666666
Q2,61875200,2417.0,559764.5,559355.1875
Q2,61926400,2419.0,558742.625,559418.8541666666
Q2,61977600,2421.0,559749.4375,558766.6875
Q2,62028800,2423.0,557808.0,558927.3125
Q2,62080000,2425.0,559224.5,558253.0208333334
Q2,62131200,2427.0,557726.5625,557887.1458333334
Q2,62182400,2429.0,556710.375,557589.5416666666
Q2,62233600,2431.0,558331.6875,557487.5
Q2,62284800,2433.0,557420.4375,557200.0
Q2,62336000,2435.0,555847.875,556729.0625
Q2,62387200,2437.0,556918.875,556327.5208333334
Q2,62438400,2439.0,556215.8125,555908.3125
Q2,62489600,2441.0,554590.25,555322.7083333334
Q2,62540800,2443.0,555162.0625,555640.0833333334
Q2,62592000,2445.0,557167.9375,556986.7708333334
Q2,62643200,2447.0,558630.3125,558267.7708333334
Q2,62694400,2449.0,559005.0625,559435.5625
Q2,62745600,2451.0,560671.3125,559647.1041666666
Q2,62796800,2453.0,559264.9375,560132.5416666666
Q2,62848000,2455.0,560461.375,559524.4375
Q2,62899200,2457.0,558847.0,559714.9583333334
Q2,62950400,2459.0,559836.5,559708.8125
Q2,63001600,2461.0,560442.9375,560315.4583333334
Q2,63052800,2463.0,560666.9375,560222.4583333334
Q2,63104000,2465.0,559557.5,560224.7291666666
Q2,63155200,2467.0,560449.75,560072.1041666666
Q2,63206400,2469.0,560209.0625,560651.0416666666
Q2,63257600,2471.0,561294.3125,561087.5625
Q2,63308800,2473.0,561759.3125,562145.2916666666
Q2,63360000,2475.0,563382.25,562567.9583333334
Q2,63411200,2477.0,562562.3125,563351.75
Q2,63462400,2479.0,564110.6875,563260.7083333334
Q2,63513600,2481.0,563109.125,563282.2916666666
Q2,63564800,2483.0,562627.0625,562847.125
Q2,63616000,2485.0,562805.1875,563184.0416666666
Q2,63667200,2487.0,564119.875,563156.7291666666
Q2,63718400,2489.0,562545.125,563044.2916666666
Q2,63769600,2491.0,562467.875,562301.625
Q2,63820800,2493.0,561891.875,562276.7916666666
Q2,63872000,2495.0,562470.625,561663.3958333334
Q2,63923200,2497.0,560627.6875,560898.2708333334
Q2,63974400,2499.0,559596.5,559720.2083333334
Q2,64025600,2501.0,558936.4375,558797.7083333334
Q2,64076800,2503.0,557860.1875,558058.1666666666
Q2,64128000,2505.0,557377.875,557658.2708333334
Q2,64179200,2507.0,557736.75,557742.9791666666
Q2,64230400,2509.0,558114.3125,558219.8333333334
Q2,64281600,2511.0,558808.4375,558303.9791666666
Q2,64332800,2513.0,557989.1875,558174.4583333334
Q2,64384000,2515.0,557725.75,558200.4791666666
Q2,64435200,2517.0,558886.5,558836.8333333334
Q2,64486400,2519.0,559898.25,559682.2708333334
Q2,64537600,2521.0,560262.0625,560236.875
Q2,64588800,2523.0,560550.3125,560788.125
Q2,64640000,2525.0,561552.0,561273.8958333334
Q2,64691200,2527.0,561719.375,561653.6458333334
Q2,64742400,2529.0,561689.5625,561295.8958333334
Q2,64793600,2531.0,560478.75,560725.875
Q2,64844800,2533.0,560009.3125,559668.2708333334
Q2,64896000,2535.0,558516.75,559134.0833333334
Q2,64947200,2537.0,558876.1875,558774.1666666666
Q2,64998400,2539.0,558929.5625,558654.7291666666
Q2,65049600,2541.0,558158.4375,559053.0416666666
Q2,65100800,2543.0,560071.125,559101.7291666666
Q2,65152000,2545.0,559075.625,559663.4791666666
Q2,65203200,2547.0,559843.6875,559194.75
Q2,65254400,2549.0,558664.9375,559225.375
Q2,65305600,2551.0,559167.5,558594.7083333334
Q2,65356800,2553.0,557951.6875,558370.9583333334
Q2,65408000,2555.0,557993.6875,557991.5416666666
Q2,65459200,2557.0,558029.25,558447.8541666666
Q2,65510400,2559.0,559320.625,558841.2708333334
Q2,65561600,2561.0,559173.9375,559232.0
Q2,65612800,2563.0,559201.4375,559457.3125
Q2,65664000,2565.0,559996.5625,559705.6875
Q2,65715200,2567.0,559919.0625,559844.8125
Q2,65766400,2569.0,559618.8125,559700.0833333334
Q2,65817600,2571.0,559562.375,559459.6875
Q2,65868800,2573.0,559197.875,559030.2916666666
Q2,65920000,2575.0,558330.625,558858.7291666666
Q2,65971200,2577.0,559047.6875,559732.5208333334
Q2,66022400,2579.0,561819.25,560519.2916666666
Q2,66073600,2581.0,560690.9375,561100.0
Q2,66124800,2583.0,560789.8125,560857.9375
Q2,66176000,2585.0,561093.0625,560770.625
Q2,66227200,2587.0,560429.0,560535.7708333334
Q2,66278400,2589.0,560085.25,560266.9583333334
Q2,66329600,2591.0,560286.625,560198.2083333334
Q2,66380800,2593.0,560222.75,560413.1041666666
Q2,66432000,2595.0,560729.9375,560454.5
Q2,66483200,2597.0,560410.8125,560357.5625
Q2,66534400,2599.0,559931.9375,560118.9791666666
Q2,66585600,2601.0,560014.1875,560143.75
Q2,66636800,2603.0,560485.125,560473.1041666666
Q2,66688000,2605.0,560920.0,560359.1041666666
Q2,66739200,2607.0,559672.1875,559819.3958333334
Q2,66790400,2609.0,558866.0,558921.2083333334
Q2,66841600,2611.0,558225.4375,558501.3125
Q2,66892800,2613.0,558412.5,558623.9791666666
Q2,66944000,2615.0,559234.0,559263.3125
Q2,66995200,2617.0,560143.4375,559017.7291666666
Q2,67046400,2619.0,557675.75,558594.1666666666
Q2,67097600,2621.0,557963.3125,557812.9791666666
Q2,67148800,2623.0,557799.875,557693.4583333334
Q2,67200000,2625.0,557317.1875,557678.4583333334
Q2,67251200,2627.0,557918.3125,558136.9583333334
Q2,67302400,2629.0,559175.375,558699.5
Q2,67353600,2631.0,559004.8125,559009.0
Q2,67404800,2633.0,558846.8125,558764.7291666666
Q2,67456000,2635.0,558442.5625,558810.2916666666
Q2,67507200,2637.0,559141.5,559263.0833333334
Q2,67558400,2639.0,560205.1875,559833.9583333334
Q2,67609600,2641.0,560155.1875,560112.875
Q2,67660800,2643.0,559978.25,560131.625
Q2,67712000,2645.0,560261.4375,559837.5625
Q2,67763200,2647.0,559273.0,559563.2291666666
Q2,67814400,2649.0,559155.25,558992.4166666666
Q2,67865600,2651.0,558549.0,558654.0416666666
Q2,67916800,2653.0,558257.875,558317.9791666666
Q2,67968000,2655.0,558147.0625,557475.2083333334
Q2,68019200,2657.0,556020.6875,557170.25
Q2,68070400,2659.0,557343.0,557242.6875
Q2,68121600,2661.0,558364.375,557668.25
Q2,68172800,2663.0,557297.375,558030.2083333334
Q2,68224000,2665.0,558428.875,558281.0
Q2,68275200,2667.0,559116.75,558994.6666666666
Q2,68326400,2669.0,559438.375,559366.0416666666
Q2,68377600,2671.0,559543.0,559954.4375
Q2,68428800,2673.0,560881.9375,560445.0833333334
Q2,68480000,2675.0,560910.3125,560450.8958333334
Q2,68531200,2677.0,559560.4375,560514.6041666666
Q2,68582400,2679.0,561073.0625,560573.2708333334
Q2,68633600,2681.0,561086.3125,560802.9583333334
Q2,68684800,2683.0,560249.5,560439.0208333334
Q2,68736000,2685.0,559981.25,560578.2708333334
Q2,68787200,2687.0,561504.0625,560995.75
Q2,68838400,2689.0,561501.9375,561215.3958333334
Q2,68889600,2691.0,560640.1875,561074.4791666666
Q2,68940800,2693.0,561081.3125,560767.75
Q2,68992000,2695.0,560581.75,561115.7291666666
Q2,69043200,2697.0,561684.125,561400.25
Q2,69094400,2699.0,561934.875,562258.8541666666
Q2,69145600,2701.0,563157.5625,562879.2291666666
Q2,69196800,2703.0,563545.25,564091.4791666666
Q2,69248000,2705.0,565571.625,564663.875
Q2,69299200,2707.0,564874.75,565352.9583333334
Q2,69350400,2709.0,565612.5,565349.125
Q2,69401600,2711.0,565560.125,565376.0208333334
Q2,69452800,2713.0,564955.4375,564642.125
Q2,69504000,2715.0,563410.8125,563775.5416666666
Q2,69555200,2717.0,562960.375,563602.4791666666
Q2,69606400,2719.0,564436.25,564729.5416666666
Q2,69657600,2721.0,566792.0,565471.875
Q2,69708800,2723.0,565187.375,565942.9375
Q2,69760000,2725.0,565849.4375,565466.3541666666
Q2,69811200,2727.0,565362.25,565153.4166666666
Q2,69862400,2729.0,564248.5625,564647.4375
Q2,69913600,2731.0,564331.5,563765.6041666666
Q2,69964800,2733.0,562716.75,562861.8958333334
Q2,70016000,2735.0,561537.4375,562287.7708333334
Q2,70067200,2737.0,562609.125,562070.6041666666
Q2,70118400,2739.0,562065.25,562194.9791666666
Q2,70169600,2741.0,561910.5625,561833.2916666666
Q2,70220800,2743.0,561524.0625,561401.5416666666
Q2,70272000,2745.0,560770.0,561069.375
Q2,70323200,2747.0,560914.0625,560799.9791666666
Q2,70374400,2749.0,560715.875,560471.1041666666
Q2,70425600,2751.0,559783.375,560366.5
Q2,70476800,2753.0,560600.25,560055.5416666666
Q2,70528000,2755.0,559783.0,560204.0416666666
Q2,70579200,2757.0,560228.875,559696.8333333334
Q2,70630400,2759.0,559078.625,559390.6041666666
Q2,70681600,2761.0,558864.3125,559616.8958333334
Q2,70732800,2763.0,560907.75,559707.6458333334
Q2,70784000,2765.0,559350.875,560043.1041666666
Q2,70835200,2767.0,559870.6875,559428.7083333334
Q2,70886400,2769.0,559064.5625,559341.4791666666
Q2,70937600,2771.0,559089.1875,558901.0625
Q2,70988800,2773.0,558549.4375,558449.2708333334
Q2,71040000,2775.0,557709.1875,558205.375
Q2,71091200,2777.0,558357.5,557743.0208333334
Q2,71142400,2779.0,557162.375,556818.3125
Q2,71193600,2781.0,554935.0625,555731.3333333334
Q2,71244800,2783.0,555096.5625,554895.5625
Q2,71296000,2785.0,554655.0625,555132.0
Q2,71347200,2787.0,555644.375,554847.7083333334
Q2,71398400,2789.0,554243.6875,554862.7916666666
Q2,71449600,2791.0,554700.3125,554949.8958333334
Q2,71500800,2793.0,555905.6875,555481.7083333334
Q2,71552000,2795.0,555839.125,556507.0833333334
Q2,71603200,2797.0,557776.4375,557126.5416666666
Q2,71654400,2799.0,557764.0625,557636.25
Q2,71705600,2801.0,557368.25,556685.3958333334
Q2,71756800,2803.0,554923.875,555745.0625
Q2,71808000,2805.0,554943.0625,554904.1875
Q2,71859200,2807.0,554845.625,555204.7291666666
Q2,71910400,2809.0,555825.5,554564.2291666666
Q2,71961600,2811.0,553021.5625,554076.4583333334
Q2,72012800,2813.0,553382.3125,552890.4166666666
Q2,72064000,2815.0,552267.375,552370.7291666666
Q2,72115200,2817.0,551462.5,551279.1875
Q2,72166400,2819.0,550107.6875,550163.0
Q2,72217600,2821.0,548918.8125,549003.2083333334
Q2,72268800,2823.0,547983.125,548203.0416666666
Q2,72320000,2825.0,547707.1875,547570.2708333334
Q2,72371200,2827.0,547020.5,546678.0625
Q2,72422400,2829.0,545306.5,546202.125
Q2,72473600,2831.0,546279.375,545193.9166666666
Q2,72524800,2833.0,543995.875,545680.5208333334
Q2,72576000,2835.0,546766.3125,545588.4583333334
Q2,72627200,2837.0,546003.1875,546601.5833333334
Q2,72678400,2839.0,547035.25,547569.8125
Q2,72729600,2841.0,549671.0,548707.7916666666
Q2,72780800,2843.0,549417.125,549182.3333333334
Q2,72832000,2845.0,548458.875,549599.7708333334
Q2,72883200,2847.0,550923.3125,550790.6875
Q2,72934400,2849.0,552989.875,552739.0416666666
Q2,72985600,2851.0,554303.9375,554209.3541666666
Q2,73036800,2853.0,555334.25,555079.3125
Q2,73088000,2855.0,555599.75,555571.875
Q2,73139200,2857.0,555781.625,555558.6666666666
Q2,73190400,2859.0,555294.625,555335.875
Q2,73241600,2861.0,554931.375,555447.2916666666
Q2,73292800,2863.0,556115.875,555439.5
Q2,73344000,2865.0,555271.25,555054.5416666666
Q2,73395200,2867.0,553776.5,554200.375
Q2,73446400,2869.0,553553.375,553674.3125
Q2,73497600,2871.0,553693.0625,553418.4166666666
Q2,73548800,2873.0,553008.8125,553472.2291666666
Q2,73600000,2875.0,553714.8125,553676.7083333334
Q2,73651200,2877.0,554306.5,554419.4791666666
Q2,73702400,2879.0,555237.125,554458.4583333334
Q2,73753600,2881.0,553831.75,554159.6458333334
Q2,73804800,2883.0,553410.0625,553249.6458333334
Q2,73856000,2885.0,552507.125,552799.3541666666
Q2,73907200,2887.0,552480.875,552410.6458333334
Q2,73958400,2889.0,552243.9375,552037.5208333334
Q2,74009600,2891.0,551387.75,551944.7708333334
Q2,74060800,2893.0,552202.625,551725.6458333334
Q2,74112000,2895.0,551586.5625,552292.7291666666
Q2,74163200,2897.0,553089.0,553176.25
Q2,74214400,2899.0,554853.1875,554067.9791666666
Q2,74265600,2901.0,554261.75,554190.5
Q2,74316800,2903.0,553456.5625,553494.6041666666
Q2,74368000,2905.0,552765.5,553469.5
Q2,74419200,2907.0,554186.4375,553836.5833333334
Q2,74470400,2909.0,554557.8125,555126.4375
Q2,74521600,2911.0,556635.0625,556166.1666666666
Q2,74572800,2913.0,557305.625,557621.3125
Q2,74624000,2915.0,558923.25,558616.1875
Q2,74675200,2917.0,559619.6875,559398.625
Q2,74726400,2919.0,559652.9375,559662.5416666666
Q2,74777600,2921.0,559715.0,559462.25
Q2,74828800,2923.0,559018.8125,559350.6875
Q2,74880000,2925.0,559318.25,559181.0625
Q2,74931200,2927.0,559206.125,559205.8125
Q2,74982400,2929.0,559093.0625,559240.1666666666
Q2,75033600,2931.0,559421.3125,558946.5833333334
Q2,75084800,2933.0,558325.375,558792.8333333334
Q2,75136000,2935.0,558631.8125,558094.6458333334
Q2,75187200,2937.0,557326.75,557933.1875
Q2,75238400,2939.0,557841.0,557887.9583333334
Q2,75289600,2941.0,558496.125,558210.9166666666
Q2,75340800,2943.0,558295.625,558063.125
Q2,75392000,2945.0,557397.625,557498.7083333334
Q2,75443200,2947.0,556802.875,556936.2083333334
Q2,75494400,2949.0,556608.125,557097.1875
Q2,75545600,2951.0,557880.5625,557368.5625
Q2,75596800,2953.0,557617.0,557922.5
Q2,75648000,2955.0,558269.9375,558630.9166666666
Q2,75699200,2957.0,560005.8125,559290.2916666666
Q2,75750400,2959.0,559595.125,559959.6875
Q2,75801600,2961.0,560278.125,560220.0625
Q2,75852800,2963.0,560786.9375,561304.2083333334
Q2,75904000,2965.0,562847.5625,562154.2291666666
Q2,75955200,2967.0,562828.1875,562662.0
Q2,76006400,2969.0,562310.25,562701.375
Q2,76057600,2971.0,562965.6875,562927.2916666666
Q2,76108800,2973.0,563505.9375,563444.7291666666
Q2,76160000,2975.0,563862.5625,563859.0625
Q2,76211200,2977.0,564208.6875,564208.0
Q2,76262400,2979.0,564552.75,564600.5625
Q2,76313600,2981.0,565040.25,564759.1458333334
Q2,76364800,2983.0,564684.4375,564535.125
Q2,76416000,2985.0,563880.6875,564513.4791666666
Q2,76467200,2987.0,564975.3125,564476.3125
Q2,76518400,2989.0,564572.9375,564706.1458333334
Q2,76569600,2991.0,564570.1875,564436.5625
Q2,76620800,2993.0,564166.5625,564053.2708333334
Q2,76672000,2995.0,563423.0625,563545.3958333334
Q2,76723200,2997.0,563046.5625,562817.5208333334
Q2,76774400,2999.0,561982.9375,562394.4791666666
Q2,76825600,3001.0,562153.9375,562052.375
Q2,76876800,3003.0,562020.25,562031.0
Q2,76928000,3005.0,561918.8125,561646.9583333334
Q2,76979200,3007.0,561001.8125,561585.0208333334
Q2,77030400,3009.0,561834.4375,561291.9791666666
Q2,77081600,3011.0,561039.6875,560681.8541666666
Q2,77132800,3013.0,559171.4375,559605.7291666666
Q2,77184000,3015.0,558606.0625,558697.6041666666
Q2,77235200,3017.0,558315.3125,559077.75
Q2,77286400,3019.0,560311.875,559320.2083333334
Q2,77337600,3021.0,559333.4375,560062.8541666666
Q2,77388800,3023.0,560543.25,560678.0208333334
Q2,77440000,3025.0,562157.375,561065.6458333334
Q2,77491200,3027.0,560496.3125,560756.5416666666
Q2,77542400,3029.0,559615.9375,560017.625
Q2,77593600,3031.0,559940.625,559998.4166666666
Q2,77644800,3033.0,560438.6875,560002.6458333334
Q2,77696000,3035.0,559628.625,559988.0208333334
Q2,77747200,3037.0,559896.75,560173.125
Q2,77798400,3039.0,560994.0,560644.3958333334
Q2,77849600,3041.0,561042.4375,561304.0625
Q2,77900800,3043.0,561875.75,562001.5833333334
Q2,77952000,3045.0,563086.5625,562350.3541666666
Q2,78003200,3047.0,562088.75,563156.5416666666
Q2,78054400,3049.0,564294.3125,563699.4166666666
Q2,78105600,3051.0,564715.1875,564718.6041666666
Q2,78156800,3053.0,565146.3125,564742.3541666666
Q2,78208000,3055.0,564365.5625,564537.0833333334
Q2,78259200,3057.0,564099.375,563964.8125
Q2,78310400,3059.0,563429.5,563790.0833333334
Q2,78361600,3061.0,563841.375,563725.9166666666
Q2,78412800,3063.0,563906.875,563450.3333333334
Q2,78464000,3065.0,562602.75,563646.4375
Q2,78515200,3067.0,564429.6875,563459.1875
Q2,78566400,3069.0,563345.125,563276.8958333334
Q2,78617600,3071.0,562055.875,562736.5625
Q2,78668800,3073.0,562808.6875,562931.6458333334
Q2,78720000,3075.0,563930.375,563204.4583333334
Q2,78771200,3077.0,562874.3125,562934.8541666666
Q2,78822400,3079.0,561999.875,562806.125
Q2,78873600,3081.0,563544.1875,563097.3333333334
Q2,78924800,3083.0,563747.9375,563928.7291666666
Q2,78976000,3085.0,564494.0625,563829.5833333334
Q2,79027200,3087.0,563246.75,563515.5833333334
Q2,79078400,3089.0,562805.9375,563060.6458333334
Q2,79129600,3091.0,563129.25,563308.2708333334
Q2,79180800,3093.0,563989.625,563360.5625
Q2,79232000,3095.0,562962.8125,563149.6666666666
Q2,79283200,3097.0,562496.5625,562619.25
Q2,79334400,3099.0,562398.375,562483.0208333334
Q2,79385600,3101.0,562554.125,562532.4791666666
Q2,79436800,3103.0,562644.9375,563030.9166666666
Q2,79488000,3105.0,563893.6875,563090.5
Q2,79539200,3107.0,562732.875,562765.0833333334
Q2,79590400,3109.0,561668.6875,562376.0833333334
Q2,79641600,3111.0,562726.6875,562176.3958333334
Q2,79692800,3113.0,562133.8125,562571.0
Q2,79744000,3115.0,562852.5,562421.375
Q2,79795200,3117.0,562277.8125,562645.25
Q2,79846400,3119.0,562805.4375,562189.6041666666
Q2,79897600,3121.0,561485.5625,561602.0416666666
Q2,79948800,3123.0,560515.125,560114.4583333334
Q2,80000000,3125.0,558342.6875,559310.5833333334
Q2,80051200,3127.0,559073.9375,559247.2708333334
Q2,80102400,3129.0,560325.1875,560124.75
Q2,80153600,3131.0,560975.125,560415.4166666666
Q2,80204800,3133.0,559945.9375,560393.8125
Q2,80256000,3135.0,560260.375,559840.7708333334
Q2,80307200,3137.0,559316.0,560010.9166666666
Q2,80358400,3139.0,560456.375,559747.875
Q2,80409600,3141.0,559471.25,559998.6875
Q2,80460800,3143.0,560068.4375,559707.2916666666
Q2,80512000,3145.0,559582.1875,559580.375
Q2,80563200,3147.0,559090.5,558793.9583333334
Q2,80614400,3149.0,557709.1875,558176.8333333334
Q2,80665600,3151.0,557730.8125,557756.875
Q2,80716800,3153.0,557830.625,558445.9791666666
Q2,80768000,3155.0,559776.5,559103.8958333334
Q2,80819200,3157.0,559704.5625,559880.875
Q2,80870400,3159.0,560161.5625,559987.2708333334
Q2,80921600,3161.0,560095.6875,560425.9791666666
Q2,80972800,3163.0,561020.6875,560884.4375
Q2,81024000,3165.0,561536.9375,561110.75
Q2,81075200,3167.0,560774.625,561642.25
Q2,81126400,3169.0,562615.1875,561622.7291666666
Q2,81177600,3171.0,561478.375,562449.3958333334
Q2,81228800,3173.0,563254.625,562918.9166666666
Q2,81280000,3175.0,564023.75,563372.4166666666
Q2,81331200,3177.0,562838.875,563012.0208333334
Q2,81382400,3179.0,562173.4375,562584.7916666666
Q2,81433600,3181.0,562742.0625,561655.9375
Q2,81484800,3183.0,560052.3125,561532.75
Q2,81536000,3185.0,561803.875,561092.2291666666
Q2,81587200,3187.0,561420.5,561803.1875
Q2,81638400,3189.0,562185.1875,562006.9375
Q2,81689600,3191.0,562415.125,562164.6041666666
Q2,81740800,3193.0,561893.5,561736.6458333334
Q2,81792000,3195.0,560901.3125,561120.8958333334
Q2,81843200,3197.0,560567.875,560468.3958333334
Q2,81894400,3199.0,559936.0,559766.4791666666
Q2,81945600,3201.0,558795.5625,559211.0416666666
Q2,81996800,3203.0,558901.5625,559193.1875
Q2,82048000,3205.0,559882.4375,559909.25
Q2,82099200,3207.0,560943.75,560438.1875
Q2,82150400,3209.0,560488.375,561187.2916666666
Q2,82201600,3211.0,562129.75,561231.5625
Q2,82252800,3213.0,561076.5625,561406.6458333334
Q2,82304000,3215.0,561013.625,560743.2083333334
Q2,82355200,3217.0,560139.4375,560439.3958333334
Q2,82406400,3219.0,560165.125,560289.9791666666
Q2,82457600,3221.0,560565.375,559928.9583333334
Q2,82508800,3223.0,559056.375,560069.5833333334
Q2,82560000,3225.0,560587.0,559342.1041666666
Q2,82611200,3227.0,558382.9375,559204.3541666666
Q2,82662400,3229.0,558643.125,558707.7916666666
Q2,82713600,3231.0,559097.3125,559032.0208333334
Q2,82764800,3233.0,559355.625,559707.7083333334
Q2,82816000,3235.0,560670.1875,559850.3125
Q2,82867200,3237.0,559525.125,559909.1458333334
Q2,82918400,3239.0,559532.125,558996.5625
Q2,82969600,3241.0,557932.4375,558338.5833333334
Q2,83020800,3243.0,557551.1875,557618.1875
Q2,83072000,3245.0,557370.9375,557493.4791666666
Q2,83123200,3247.0,557558.3125,557152.375
Q2,83174400,3249.0,556527.875,556665.875
Q2,83225600,3251.0,555911.4375,556121.375
Q2,83276800,3253.0,555924.8125,555515.9791666666
Q2,83328000,3255.0,554711.6875,555895.1041666666
Q2,83379200,3257.0,557048.8125,556540.4583333334
Q2,83430400,3259.0,557860.875,557698.3541666666
Q2,83481600,3261.0,558185.375,558689.3541666666
Q2,83532800,3263.0,560021.8125,558854.5833333334
Q2,83584000,3265.0,558356.5625,559214.625
Q2,83635200,3267.0,559265.5,559332.8958333334
Q2,83686400,3269.0,560376.625,560118.1875
Q2,83737600,3271.0,560712.4375,561057.8125
Q2,83788800,3273.0,562084.375,561891.25
Q2,83840000,3275.0,562876.9375,562833.3333333334
Q2,83891200,3277.0,563538.6875,563023.625
Q2,83942400,3279.0,562655.25,562578.9375
Q2,83993600,3281.0,561542.875,562068.625
Q2,84044800,3283.0,562007.75,561691.3958333334
Q2,84096000,3285.0,561523.5625,561950.5208333334
Q2,84147200,3287.0,562320.25,561715.2083333334
Q2,84198400,3289.0,561301.8125,560747.625
Q2,84249600,3291.0,558620.8125,560144.5625
Q2,84300800,3293.0,560511.0625,560456.75
Q2,84352000,3295.0,562238.375,561370.4166666666
Q2,84403200,3297.0,561361.8125,561495.4375
Q2,84454400,3299.0,560886.125,561243.7291666666
Q2,84505600,3301.0,561483.25,561600.3541666666
Q2,84556800,3303.0,562431.6875,561779.875
Q2,84608000,3305.0,561424.6875,562128.1041666666
Q2,84659200,3307.0,562527.9375,562544.4375
Q2,84710400,3309.0,563680.6875,563709.8958333334
Q2,84761600,3311.0,564921.0625,564292.4166666666
Q2,84812800,3313.0,564275.5,564877.0625
Q2,84864000,3315.0,565434.625,565361.625
Q2,84915200,3317.0,566374.75,565732.2291666666
Q2,84966400,3319.0,565387.3125,565507.375
Q2,85017600,3321.0,564760.0625,565016.5625
Q2,85068800,3323.0,564902.3125,565121.3333333334
Q2,85120000,3325.0,565701.625,565728.0208333334
Q2,85171200,3327.0,566580.125,566127.5208333334
Q2,85222400,3329.0,566100.8125,566912.7083333334
Q2,85273600,3331.0,568057.1875,567385.125
Q2,85324800,3333.0,567997.375,567635.8958333334
Q2,85376000,3335.0,566853.125,567519.4375
Q2,85427200,3337.0,567707.8125,567885.4791666666
Q2,85478400,3339.0,569095.5,568496.6666666666
Q2,85529600,3341.0,568686.6875,569071.8958333334
Q2,85580800,3343.0,569433.5,569598.7708333334
Q2,85632000,3345.0,570676.125,570556.9166666666
Q2,85683200,3347.0,571561.125,570895.7916666666
Q2,85734400,3349.0,570450.125,570895.9583333334
Q2,85785600,3351.0,570676.625,570324.6666666666
Q2,85836800,3353.0,569847.25,570176.7708333334
Q2,85888000,3355.0,570006.4375,570369.0833333334
Q2,85939200,3357.0,571253.5625,570089.6666666666
Q2,85990400,3359.0,569009.0,569737.4791666666
Q2,86041600,3361.0,568949.875,569231.2916666666
Q2,86092800,3363.0,569735.0,569359.9166666666
Q2,86144000,3365.0,569394.875,569749.6458333334
Q2,86195200,3367.0,570119.0625,570120.6875
Q2,86246400,3369.0,570848.125,570095.7708333334
Q2,86297600,3371.0,569320.125,569739.5625
Q2,86348800,3373.0,569050.4375,569251.2916666666
Q2,86400000,3375.0,569383.3125,569146.9166666666
Q2,86451200,3377.0,569007.0,569096.6458333334
Q2,86502400,3379.0,568899.625,568865.75
Q2,86553600,3381.0,568690.625,568810.125
Q2,86604800,3383.0,568840.125,568607.1041666666
Q2,86656000,3385.0,568290.5625,568713.3541666666
Q2,86707200,3387.0,569009.375,568413.625
Q2,86758400,3389.0,567940.9375,568519.2916666666
Q2,86809600,3391.0,568607.5625,568423.7916666666
Q2,86860800,3393.0,568722.875,568828.3958333334
Q2,86912000,3395.0,569154.75,568999.875
Q2,86963200,3397.0,569122.0,569504.3541666666
Q2,87014400,3399.0,570236.3125,570008.7083333334
Q2,87065600,3401.0,570667.8125,570513.75
Q2,87116800,3403.0,570637.125,570723.9791666666
Q2,87168000,3405.0,570867.0,570163.9791666666
Q2,87219200,3407.0,568987.8125,569098.1666666666
Q2,87270400,3409.0,567439.6875,568240.2708333334
Q2,87321600,3411.0,568293.3125,567884.9791666666
Q2,87372800,3413.0,567921.9375,568206.8541666666
Q2,87424000,3415.0,568405.3125,568363.4166666666
Q2,87475200,3417.0,568763.0,567360.5833333334
Q2,87526400,3419.0,564913.4375,566437.9583333334
Q2,87577600,3421.0,565637.4375,565951.4166666666
Q2,87628800,3423.0,567303.375,566257.2708333334
Q2,87680000,3425.0,565831.0,566310.0
Q2,87731200,3427.0,565795.625,565788.3333333334
Q2,87782400,3429.0,565738.375,566074.625
Q2,87833600,3431.0,566689.875,567040.2916666666
Q2,87884800,3433.0,568692.625,567954.2291666666
Q2,87936000,3435.0,568480.1875,568463.5625
Q2,87987200,3437.0,568217.875,567856.3541666666
Q2,88038400,3439.0,566871.0,567518.2916666666
Q2,88089600,3441.0,567466.0,567430.5833333334
Q2,88140800,3443.0,567954.75,567221.5208333334
Q2,88192000,3445.0,566243.8125,566740.7291666666
Q2,88243200,3447.0,566023.625,566225.8541666666
Q2,88294400,3449.0,566410.125,566196.75
Q2,88345600,3451.0,566156.5,566132.0
Q2,88396800,3453.0,565829.375,566308.5208333334
Q2,88448000,3455.0,566939.6875,566554.5833333334
Q2,88499200,3457.0,566894.6875,567381.7291666666
Q2,88550400,3459.0,568310.8125,567778.6458333334
Q2,88601600,3461.0,568130.4375,568365.0208333334
Q2,88652800,3463.0,568653.8125,568118.1666666666
Q2,88704000,3465.0,567570.25,568325.5416666666
Q2,88755200,3467.0,568752.5625,568155.9166666666
Q2,88806400,3469.0,568144.9375,568066.625
Q2,88857600,3471.0,567302.375,567274.5
Q2,88908800,3473.0,566376.1875,566374.3958333334
Q2,88960000,3475.0,565444.625,565276.0833333334
Q2,89011200,3477.0,564007.4375,564987.1458333334
Q2,89062400,3479.0,565509.375,564400.7708333334
Q2,89113600,3481.0,563685.5,564278.3541666666
Q2,89164800,3483.0,563640.1875,563627.7083333334
Q2,89216000,3485.0,563557.4375,563769.5625
Q2,89267200,3487.0,564111.0625,563914.0416666666
Q2,89318400,3489.0,564073.625,564791.7291666666
Q2,89369600,3491.0,566190.5,565558.7916666666
Q2,89420800,3493.0,566412.25,566278.6041666666
Q2,89472000,3495.0,566233.0625,565789.4166666666
Q2,89523200,3497.0,564722.9375,565468.6041666666
Q2,89574400,3499.0,565449.8125,564814.0416666666
Q2,89625600,3501.0,564269.375,564591.375
Q2,89676800,3503.0,564054.9375,564121.1041666666
Q2,89728000,3505.0,564039.0,563684.8958333334
Q2,89779200,3507.0,562960.75,563038.4583333334
Q2,89830400,3509.0,562115.625,563284.625
Q2,89881600,3511.0,564777.5,563583.5833333334
Q2,89932800,3513.0,563857.625,564237.8333333334
Q2,89984000,3515.0,564078.375,563886.1666666666
Q2,90035200,3517.0,563722.5,563472.6458333334
Q2,90086400,3519.0,562617.0625,563056.7083333334
Q2,90137600,3521.0,562830.5625,563316.9166666666
Q2,90188800,3523.0,564503.125,563825.375
Q2,90240000,3525.0,564142.4375,564338.8125
Q2,90291200,3527.0,564370.875,565013.0
Q2,90342400,3529.0,566525.6875,565755.7291666666
Q2,90393600,3531.0,566370.625,566243.8333333334
Q2,90444800,3533.0,565835.1875,566164.1041666666
Q2,90496000,3535.0,566286.5,566243.3541666666
Q2,90547200,3537.0,566608.375,566661.4375
Q2,90598400,3539.0,567089.4375,566819.0208333334
Q2,90649600,3541.0,566759.25,566159.9375
Q2,90700800,3543.0,564631.125,565246.6041666666
Q2,90752000,3545.0,564349.4375,564968.375
Q2,90803200,3547.0,565924.5625,565503.5416666666
Q2,90854400,3549.0,566236.625,566057.5833333334
Q2,90905600,3551.0,566011.5625,566583.125
Q2,90956800,3553.0,567501.1875,566804.0208333334
Q2,91008000,3555.0,566899.3125,566675.4791666666
Q2,91059200,3557.0,565625.9375,565922.4583333334
Q2,91110400,3559.0,565242.125,565398.1041666666
Q2,91161600,3561.0,565326.25,565551.75
Q2,91212800,3563.0,566086.875,565769.3541666666
Q2,91264000,3565.0,565894.9375,565674.5625
Q2,91315200,3567.0,565041.875,565144.8333333334
Q2,91366400,3569.0,564497.6875,565044.3541666666
Q2,91417600,3571.0,565593.5,565226.4166666666
Q2,91468800,3573.0,565588.0625,566094.25
Q2,91520000,3575.0,567101.1875,567015.875
Q2,91571200,3577.0,568358.375,568000.5833333334
Q2,91622400,3579.0,568542.1875,567820.0416666666
Q2,91673600,3581.0,566559.5625,567247.2916666666
Q2,91724800,3583.0,566640.125,567062.0833333334
Q2,91776000,3585.0,567986.5625,567602.9375
Q2,91827200,3587.0,568182.125,568148.8333333334
Q2,91878400,3589.0,568277.8125,568677.1458333334
Q2,91929600,3591.0,569571.5,569183.8958333334
Q2,91980800,3593.0,569702.375,569708.5208333334
Q2,92032000,3595.0,569851.6875,570208.7708333334
Q2,92083200,3597.0,571072.25,569887.1041666666
Q2,92134400,3599.0,568737.375,569358.6875
Q2,92185600,3601.0,568266.4375,568634.7083333334
Q2,92236800,3603.0,568900.3125,568761.5416666666
Q2,92288000,3605.0,569117.875,568651.5833333334
Q2,92339200,3607.0,567936.5625,568839.5625
Q2,92390400,3609.0,569464.25,569059.5625
Q2,92441600,3611.0,569777.875,569578.5625
Q2,92492800,3613.0,569493.5625,569280.9791666666
Q2,92544000,3615.0,568571.5,568592.0833333334
Q2,92595200,3617.0,567711.1875,568170.5
Q2,92646400,3619.0,568228.8125,568233.4375
Q2,92697600,3621.0,568760.3125,568551.0208333334
Q2,92748800,3623.0,568663.9375,568715.3958333334
Q2,92800000,3625.0,568721.9375,568955.0208333334
Q2,92851200,3627.0,569479.1875,569189.375
Q2,92902400,3629.0,569367.0,569243.1875
Q2,92953600,3631.0,568883.375,568924.8958333334
Q2,93004800,3633.0,568524.3125,568387.4166666666
Q2,93056000,3635.0,567754.5625,568380.25
Q2,93107200,3637.0,568861.875,568934.8541666666
Q2,93158400,3639.0,570188.125,569323.9791666666
Q2,93209600,3641.0,568921.9375,569078.7083333334
Q2,93260800,3643.0,568126.0625,568462.1458333334
Q2,93312000,3645.0,568338.4375,567958.6666666666
Q2,93363200,3647.0,567411.5,567385.3958333334
Q2,93414400,3649.0,566406.25,566758.9375
Q2,93465600,3651.0,566459.0625,566062.3333333334
Q2,93516800,3653.0,565321.6875,566020.375
Q2,93568000,3655.0,566280.375,566166.0625
Q2,93619200,3657.0,566896.125,566504.5833333334
Q2,93670400,3659.0,566337.25,566785.2708333334
Q2,93721600,3661.0,567122.4375,566687.8333333334
Q2,93772800,3663.0,566603.8125,566493.2708333334
Q2,93824000,3665.0,565753.5625,566108.6666666666
Q2,93875200,3667.0,565968.625,565584.9583333334
Q2,93926400,3669.0,565032.6875,565048.375
Q2,93977600,3671.0,564143.8125,564150.1875
Q2,94028800,3673.0,563274.0625,564094.75
Q2,94080000,3675.0,564866.375,564817.0
Q2,94131200,3677.0,566310.5625,565681.5416666666
Q2,94182400,3679.0,565867.6875,565846.3333333334
Q2,94233600,3681.0,565360.75,565798.0
Q2,94284800,3683.0,566165.5625,565600.5
Q2,94336000,3685.0,565275.1875,566445.7916666666
Q2,94387200,3687.0,567896.625,566808.3958333334
Q2,94438400,3689.0,567253.375,567775.25
Q2,94489600,3691.0,568175.75,567717.8333333334
Q2,94540800,3693.0,567724.375,567998.1041666666
Q2,94592000,3695.0,568094.1875,568963.375
Q2,94643200,3697.0,571071.5625,569849.625
Q2,94694400,3699.0,570383.125,570295.2291666666
Q2,94745600,3701.0,569431.0,569033.4791666666
Q2,94796800,3703.0,567286.3125,567927.3333333334
Q2,94848000,3705.0,567064.6875,567134.375
Q2,94899200,3707.0,567052.125,566954.4791666666
Q2,94950400,3709.0,566746.625,567048.9791666666
Q2,95001600,3711.0,567348.1875,566810.875
Q2,95052800,3713.0,566337.8125,567042.3541666666
Q2,95104000,3715.0,567441.0625,567160.2291666666
Q2,95155200,3717.0,567701.8125,567152.75
Q2,95206400,3719.0,566315.375,566867.7708333334
Q2,95257600,3721.0,566586.125,566265.3541666666
Q2,95308800,3723.0,565894.5625,565867.0625
Q2,95360000,3725.0,565120.5,565637.1458333334
Q2,95411200,3727.0,565896.375,565590.8125
Q2,95462400,3729.0,565755.5625,565416.5208333334
Q2,95513600,3731.0,564597.625,565303.2291666666
Q2,95564800,3733.0,565556.5,564983.9583333334
Q2,95616000,3735.0,564797.75,565847.8333333334
Q2,95667200,3737.0,567189.25,566547.7708333334
Q2,95718400,3739.0,567656.3125,567850.0625
Q2,95769600,3741.0,568704.625,568049.1041666666
Q2,95820800,3743.0,567786.375,568458.1875
Q2,95872000,3745.0,568883.5625,568488.9583333334
Q2,95923200,3747.0,568796.9375,568953.8125
Q2,95974400,3749.0,569180.9375,568729.2708333334
Q2,96025600,3751.0,568209.9375,568553.9583333334
Q2,96076800,3753.0,568271.0,568024.0
Q2,96128000,3755.0,567591.0625,567095.5
Q2,96179200,3757.0,565424.4375,566118.25
Q2,96230400,3759.0,565339.25,565382.8125
Q2,96281600,3761.0,565384.75,565491.3333333334
Q2,96332800,3763.0,565750.0,566084.4791666666
Q2,96384000,3765.0,567118.6875,566698.6666666666
Q2,96435200,3767.0,567227.3125,567387.6041666666
Q2,96486400,3769.0,567816.8125,567549.0208333334
Q2,96537600,3771.0,567602.9375,568246.0625
Q2,96588800,3773.0,569318.4375,568480.625
Q2,96640000,3775.0,568520.5,569048.8541666666
Q2,96691200,3777.0,569307.625,568648.3333333334
Q2,96742400,3779.0,568116.875,569020.7291666666
Q2,96793600,3781.0,569637.6875,568905.2291666666
Q2,96844800,3783.0,568961.125,569318.125
Q2,96896000,3785.0,569355.5625,569544.9166666666
Q2,96947200,3787.0,570318.0625,569882.3333333334
Q2,96998400,3789.0,569973.375,569875.7083333334
Q2,97049600,3791.0,569335.6875,568918.0833333334
Q2,97100800,3793.0,567445.1875,568437.0833333334
Q2,97152000,3795.0,568530.375,567515.4375
Q2,97203200,3797.0,566570.75,567370.0416666666
Q2,97254400,3799.0,567009.0,567191.7916666666
Q2,97305600,3801.0,567995.625,567820.6041666666
Q2,97356800,3803.0,568457.1875,568147.7708333334
Q2,97408000,3805.0,567990.5,568090.625
Q2,97459200,3807.0,567824.1875,567541.9375
Q2,97510400,3809.0,566811.125,567880.5
Q2,97561600,3811.0,569006.1875,568260.8125
Q2,97612800,3813.0,568965.125,568806.3541666666
Q2,97664000,3815.0,568447.75,568336.5833333334
Q2,97715200,3817.0,567596.875,568192.0208333334
Q2,97766400,3819.0,568531.4375,568095.4375
Q2,97817600,3821.0,568158.0,568154.0833333334
Q2,97868800,3823.0,567772.8125,567900.875
Q2,97920000,3825.0,567771.8125,567757.8125
Q2,97971200,3827.0,567728.8125,567205.4583333334
Q2,98022400,3829.0,566115.75,567370.4583333334
Q2,98073600,3831.0,568266.8125,567308.1458333334
Q2,98124800,3833.0,567541.875,568111.7083333334
Q2,98176000,3835.0,568526.4375,567716.8958333334
Q2,98227200,3837.0,567082.375,567779.4791666666
Q2,98278400,3839.0,567729.625,567649.3541666666
Q2,98329600,3841.0,568136.0625,568217.7916666666
Q2,98380800,3843.0,568787.6875,568625.8333333334
Q2,98432000,3845.0,568953.75,569195.9166666666
Q2,98483200,3847.0,569846.3125,569940.7708333334
Q2,98534400,3849.0,571022.25,570741.9166666666
Q2,98585600,3851.0,571357.1875,570542.8125
Q2,98636800,3853.0,569249.0,569653.2708333334
Q2,98688000,3855.0,568353.625,568856.2916666666
Q2,98739200,3857.0,568966.25,568819.4166666666
Q2,98790400,3859.0,569138.375,569300.9166666666
Q2,98841600,3861.0,569798.125,569631.9166666666
Q2,98892800,3863.0,569959.25,569772.9791666666
Q2,98944000,3865.0,569561.5625,569827.3541666666
Q2,98995200,3867.0,569961.25,570165.6666666666
Q2,99046400,3869.0,570974.1875,570893.1666666666
Q2,99097600,3871.0,571744.0625,571522.5416666666
Q2,99148800,3873.0,571849.375,571583.6458333334
Q2,99200000,3875.0,571157.5,570816.8125
Q2,99251200,3877.0,569443.5625,570322.25
Q2,99302400,3879.0,570365.6875,570503.9375
Q2,99353600,3881.0,571702.5625,571472.2708333334
Q2,99404800,3883.0,572348.5625,571938.6458333334
Q2,99456000,3885.0,571764.8125,571465.0208333334
Q2,99507200,3887.0,570281.6875,570606.7291666666
Q2,99558400,3889.0,569773.6875,569834.5416666666
Q2,99609600,3891.0,569448.25,569568.7708333334
Q2,99660800,3893.0,569484.375,569501.0416666666
Q2,99712000,3895.0,569570.5,569698.8541666666
Q2,99763200,3897.0,570041.6875,570438.0
Q2,99814400,3899.0,571701.8125,570989.2083333334
Q2,99865600,3901.0,571224.125,571251.3541666666
Q2,99916800,3903.0,570828.125,571572.375
Q2,99968000,3905.0,572664.875,571746.5
